X谅钎,Y谅钎,磊摹备,锅掳,1牢 啊备 痢荐,2牢 啊备 痢荐,4牢 啊备 痢荐
126.92801917197201,37.4950223827723,包厩备,2120,51.0,51.0,32
126.928219435664,37.4949445166831,包厩备,2120,51.0,51.0,32
126.928404334817,37.494862982689,包厩备,2120,51.0,51.0,32
126.928436148799,37.4948469465638,包厩备,2120,51.0,51.0,32
126.928468506364,37.49483008184671,包厩备,2120,51.0,51.0,32
126.92847769456199,37.494823888651794,包厩备,2120,51.0,51.0,32
126.92848830812099,37.4948171377176,包厩备,2120,51.0,51.0,32
126.92849095558,37.494815733795,包厩备,2120,51.0,51.0,32
126.928543995801,37.494787042707706,包厩备,2120,51.0,51.0,32
126.928697806339,37.4946959114226,包厩备,2120,51.0,51.0,32
126.928964753754,37.4945344633931,包厩备,2120,51.0,51.0,32
126.92916825155599,37.4944073220164,包厩备,2120,51.0,51.0,32
126.929180791061,37.494408455943706,包厩备,2120,51.0,51.0,32
126.929361303801,37.4942880576522,包厩备,2120,51.0,51.0,32
126.92948063796499,37.49421660913671,包厩备,2120,51.0,51.0,32
126.929551886238,37.494173017153,包厩备,2120,51.0,51.0,32
126.929557717916,37.4941763994529,包厩备,2120,51.0,51.0,32
126.929862677367,37.4939929971468,包厩备,2120,51.0,51.0,32
126.92986409166201,37.493992160075,包厩备,2120,51.0,51.0,32
126.930073111936,37.4939880609665,包厩备,2120,51.0,51.0,32
126.930323439935,37.49384124103621,包厩备,2120,51.0,51.0,32
126.93041713244301,37.4937869491656,包厩备,2120,51.0,51.0,32
126.930524963702,37.4937284490387,包厩备,2120,51.0,51.0,32
126.930570932529,37.4937022936048,包厩备,2120,51.0,51.0,32
126.930577471962,37.4936986394734,包厩备,2120,51.0,51.0,32
126.93064234718,37.4936609445479,包厩备,2195,42.0,42.5,49
126.930752659288,37.4935973820825,包厩备,2195,42.0,42.5,49
126.930916361486,37.4935037220038,包厩备,2195,42.0,42.5,49
126.931122671172,37.4933861475315,包厩备,2195,42.0,42.5,49
126.93129396396999,37.49328826576,包厩备,2195,42.0,42.5,49
126.93131800606001,37.4932744857433,包厩备,2195,42.0,42.5,49
126.931340814802,37.493261542918795,包厩备,2195,42.0,42.5,49
126.931342930684,37.49326013861621,包厩备,2195,42.0,42.5,49
126.931347033377,37.4932260742578,包厩备,2195,42.0,42.5,49
126.931356570362,37.4932212956137,包厩备,2195,42.0,42.5,49
126.931361528732,37.493215378990506,包厩备,2195,42.0,42.5,49
126.932054103379,37.4930533289609,包厩备,2195,42.0,42.5,49
126.932399597385,37.4929730092421,包厩备,2195,42.0,42.5,49
126.93240472138001,37.49297131836021,包厩备,2195,42.0,42.5,49
126.932442409393,37.492923190978395,包厩备,2195,42.0,42.5,49
126.93346191123399,37.4930707626929,包厩备,2195,42.0,42.5,49
126.93382776361,37.4931469902005,包厩备,2195,42.0,42.5,49
126.933882196178,37.4931256226318,包厩备,2195,42.0,42.5,49
126.933989105018,37.4931079521109,包厩备,2195,42.0,42.5,49
126.934011723965,37.493104297968,包厩备,2195,42.0,42.5,49
126.934131888544,37.4930832561421,包厩备,2195,42.0,42.5,49
126.93420115980601,37.49307118619471,包厩备,2195,42.0,42.5,49
126.93428245352301,37.49305659123971,包厩备,2195,42.0,42.5,49
126.934308431611,37.493052101021796,包厩备,2195,42.0,42.5,49
126.934350660792,37.4930456468487,包厩备,2195,42.0,42.5,49
126.934380673428,37.4930690358376,包厩备,2195,42.0,42.5,49
126.93469384178101,37.4929822128485,包厩备,2195,42.0,42.5,49
126.93498067781601,37.4928905808833,包厩备,2195,42.0,42.5,49
126.935373385714,37.4927629765597,包厩备,2195,42.0,42.5,49
126.93550315632,37.492670129038,包厩备,2195,42.0,42.5,49
126.93584154502399,37.4924202901951,包厩备,2195,42.0,42.5,49
126.936145359456,37.4923182492711,包厩备,2195,42.0,42.5,49
126.93635371139901,37.4920624263661,包厩备,2195,42.0,42.5,49
126.936551657981,37.4919904553879,包厩备,2269,20.0,20.0,29
126.93725914034,37.4919291778522,包厩备,2269,20.0,20.0,29
126.937286164625,37.491943554484,包厩备,2269,20.0,20.0,29
126.937311595744,37.49195652468421,包厩备,2269,20.0,20.0,29
126.93737215179199,37.4920052656269,包厩备,2270,6.0,6.0,12
126.93759790667102,37.492061412144295,包厩备,2270,6.0,6.0,12
126.93784740557,37.492240341260704,包厩备,2270,6.0,6.0,12
126.93814687281099,37.4922472597586,包厩备,2270,6.0,6.0,12
126.93834394967699,37.492374072896396,包厩备,2270,6.0,6.0,12
126.9388337409,37.4923365998944,包厩备,2270,6.0,6.0,12
126.93888852459999,37.4923256547692,包厩备,2270,6.0,6.0,12
126.93913824756001,37.4922399035772,包厩备,2270,6.0,6.0,12
126.939235272072,37.4922072935198,包厩备,2270,6.0,6.0,12
126.939350070485,37.4922586028475,包厩备,2270,6.0,6.0,12
126.939442624351,37.492299196500895,包厩备,2270,6.0,6.0,12
126.939466455193,37.4923335551308,包厩备,2270,6.0,6.0,12
126.939474034512,37.49234341604871,包厩备,2270,6.0,6.0,12
126.939484908791,37.49244365798361,包厩备,2270,6.0,6.0,12
126.939487366556,37.4924661842682,包厩备,2270,6.0,6.0,12
126.939489838761,37.4924712491847,包厩备,2270,6.0,6.0,12
126.939560793998,37.4925543495817,包厩备,2270,6.0,6.0,12
126.93956485114799,37.4925571718384,包厩备,2270,6.0,6.0,12
126.93960704939501,37.4925873143792,包厩备,2270,6.0,6.0,12
126.939705266264,37.4926174952351,包厩备,2270,6.0,6.0,12
126.939713037178,37.49262820317721,包厩备,2270,6.0,6.0,12
126.939725034877,37.4926417244487,包厩备,2270,6.0,6.0,12
126.939732168816,37.492780536197714,包厩备,2270,6.0,6.0,12
126.93973481182199,37.492784195638706,包厩备,2270,6.0,6.0,12
126.93973851543699,37.4927906757632,包厩备,2270,6.0,6.0,12
126.93994815642,37.492893553222,包厩备,2270,6.0,6.0,12
126.940096558282,37.4929093979572,包厩备,2270,6.0,6.0,12
126.94038310356001,37.4929579753051,包厩备,2270,6.0,6.0,12
126.940563236299,37.49284741660011,包厩备,2270,6.0,6.0,12
126.940812143923,37.4928886573669,包厩备,2270,6.0,6.0,12
126.94083211166,37.4928909201239,包厩备,2270,6.0,6.0,12
126.940955901377,37.492746814675996,包厩备,2270,6.0,6.0,12
126.941068382242,37.492407033190105,包厩备,2270,6.0,6.0,12
126.94123432282,37.4923510847963,包厩备,2270,6.0,6.0,12
126.94152380397301,37.492261699791,包厩备,2270,6.0,6.0,12
126.94156873710399,37.492195553172,包厩备,2270,6.0,6.0,12
126.94157898502199,37.492191611992,包厩备,2270,6.0,6.0,12
126.94167298776199,37.4921750542158,包厩备,2270,6.0,6.0,12
126.94171893223302,37.4921733835985,包厩备,2270,6.0,6.0,12
126.941730421738,37.49217226316321,包厩备,2270,6.0,6.0,12
126.941827228943,37.4921838539177,包厩备,2270,6.0,6.0,12
126.94191661766199,37.49219628779071,包厩备,2270,6.0,6.0,12
126.94205741666799,37.4922160726083,包厩备,2270,6.0,6.0,12
126.942231083661,37.4922403697442,包厩备,2270,6.0,6.0,12
126.942268183757,37.4922409559845,包厩备,2270,6.0,6.0,12
126.94229415708999,37.4922415276263,包厩备,2270,6.0,6.0,12
126.942477040413,37.4922221935991,包厩备,2345,28.0,28.5,38
126.94250742683799,37.49221883003,包厩备,2345,28.0,28.5,38
126.94252686653,37.4922165872379,包厩备,2345,28.0,28.5,38
126.942566652693,37.4921805671029,包厩备,2345,28.0,28.5,38
126.94259635416401,37.4921566513632,包厩备,2345,28.0,28.5,38
126.942607132599,37.492153836608296,包厩备,2345,28.0,28.5,38
126.942618613652,37.4921490580231,包厩备,2345,28.0,28.5,38
126.942716137319,37.492155584787504,包厩备,2345,28.0,28.5,38
126.94282020815001,37.4921621147242,包厩备,2345,28.0,28.5,38
126.942837688291,37.4921640875866,包厩备,2345,28.0,28.5,38
126.942915232818,37.4921976342571,包厩备,2345,28.0,28.5,38
126.94293254048999,37.49220327408921,包厩备,2345,28.0,28.5,38
126.942961865602,37.4922122986245,包厩备,2345,28.0,28.5,38
126.94303978074801,37.4922202209619,包厩备,2345,28.0,28.5,38
126.943372086735,37.4922552987088,包厩备,2345,28.0,28.5,38
126.943415715909,37.4922792507269,包厩备,2345,28.0,28.5,38
126.943503466847,37.4923482834017,包厩备,2345,28.0,28.5,38
126.94352130410299,37.4923564552169,包厩备,2345,28.0,28.5,38
126.94353190660699,37.4923618033496,包厩备,2345,28.0,28.5,38
126.943565994572,37.492368018952796,包厩备,2345,28.0,28.5,38
126.943578894934,37.4923702777791,包厩备,2345,28.0,28.5,38
126.943587725173,37.4923716876686,包厩备,2345,28.0,28.5,38
126.943659633327,37.4923832737208,包厩备,2345,28.0,28.5,38
126.943826371685,37.4924489570488,包厩备,2345,28.0,28.5,38
126.943955476826,37.4925016654354,包厩备,2345,28.0,28.5,38
126.944158500828,37.492495294993795,包厩备,2345,28.0,28.5,38
126.944244542449,37.492493922163604,包厩备,2345,28.0,28.5,38
126.944368227927,37.4924920178751,包厩备,2345,28.0,28.5,38
126.94440550802601,37.492494000081,包厩备,2345,28.0,28.5,38
126.944439595912,37.492500494741996,包厩备,2345,28.0,28.5,38
126.944463004254,37.49307856045,包厩备,2345,28.0,28.5,38
126.944464926193,37.4930790749479,包厩备,2345,28.0,28.5,38
126.94452995548001,37.4930966127554,包厩备,2345,28.0,28.5,38
126.944538231874,37.4931425046612,包厩备,2345,28.0,28.5,38
126.94476787264601,37.49320062154421,包厩备,2345,28.0,28.5,38
126.945486691005,37.4933501881835,包厩备,2345,28.0,28.5,38
126.94586660409,37.4935294414197,包厩备,2345,28.0,28.5,38
126.94605692517099,37.4935016539826,包厩备,2345,28.0,28.5,38
126.94609562366301,37.4934977347733,包厩备,2345,28.0,28.5,38
126.946372541187,37.493668774964206,包厩备,2345,28.0,28.5,38
126.94642428708799,37.493698360901796,包厩备,2345,28.0,28.5,38
126.94679394562401,37.493896193986004,包厩备,2345,28.0,28.5,38
126.946962733417,37.4940598575244,包厩备,2345,28.0,28.5,38
126.946973504637,37.4940826667961,包厩备,2345,28.0,28.5,38
126.947170919195,37.4940047672466,包厩备,2345,28.0,28.5,38
126.94753455869301,37.4937247771433,包厩备,2345,28.0,28.5,38
126.94793227236099,37.4937051452089,包厩备,2345,28.0,28.5,38
126.94833162552099,37.4936854405936,包厩备,2420,68.0,70.5,46
126.94878012792101,37.4938190977004,包厩备,2420,68.0,70.5,46
126.948805581519,37.4933049806459,包厩备,2420,68.0,70.5,46
126.948813828388,37.493139146322,包厩备,2420,68.0,70.5,46
126.94942280730899,37.492966532575295,包厩备,2420,68.0,70.5,46
126.949569254716,37.49273796836921,包厩备,2420,68.0,70.5,46
126.949961429015,37.4925762394975,包厩备,2420,68.0,70.5,46
126.950242770215,37.492487108887296,包厩备,2420,68.0,70.5,46
126.951248417404,37.49227721163321,包厩备,2420,68.0,70.5,46
126.95169495577,37.4921794170406,包厩备,2420,68.0,70.5,46
126.95206456683,37.4919272923539,包厩备,2419,24.0,24.0,17
126.952241427139,37.4916559400202,包厩备,2419,24.0,24.0,17
126.952802691155,37.4914652779034,包厩备,2419,24.0,24.0,17
126.95281189829201,37.4914436036397,包厩备,2419,24.0,24.0,17
126.95283898863,37.491343090235404,包厩备,2419,24.0,24.0,17
126.952845364468,37.49132817230209,包厩备,2419,24.0,24.0,17
126.95336312401301,37.4909091401304,包厩备,2419,24.0,24.0,17
126.95371473016701,37.4906260265001,包厩备,2419,24.0,24.0,17
126.95390351777901,37.490753368993204,包厩备,2419,24.0,24.0,17
126.954177958844,37.49093677872521,包厩备,2419,24.0,24.0,17
126.954430071035,37.4909546201592,包厩备,2494,66.0,66.5,48
126.954846485006,37.490984905809995,包厩备,2494,66.0,66.5,48
126.954856906846,37.490990829496496,包厩备,2494,66.0,66.5,48
126.954872983321,37.490995340844606,包厩备,2494,66.0,66.5,48
126.955076732883,37.4912153191746,包厩备,2494,66.0,66.5,48
126.95514788791701,37.4912939053125,包厩备,2494,66.0,66.5,48
126.955160247941,37.491310803912796,包厩备,2494,66.0,66.5,48
126.955213932928,37.491334476214,包厩备,2494,66.0,66.5,48
126.955235309448,37.491344332519496,包厩备,2494,66.0,66.5,48
126.955357184782,37.49141392838671,包厩备,2494,66.0,66.5,48
126.955406106818,37.491441824429295,包厩备,2494,66.0,66.5,48
126.95603170372,37.4914893694235,包厩备,2494,66.0,66.5,48
126.956229581672,37.4914973291855,包厩备,2494,66.0,66.5,48
126.956459581912,37.491566118369,包厩备,2494,66.0,66.5,48
126.95649224683399,37.49158950276061,包厩备,2494,66.0,66.5,48
126.956605824783,37.4916388126661,包厩备,2494,66.0,66.5,48
126.956656345339,37.491660798238,包厩备,2494,66.0,66.5,48
126.956878221655,37.491720573520496,包厩备,2494,66.0,66.5,48
126.956959138636,37.491721171694,包厩备,2494,66.0,66.5,48
126.957150611149,37.4917966934835,包厩备,2494,66.0,66.5,48
126.957349839828,37.49191277186821,包厩备,2494,66.0,66.5,48
126.957478607385,37.491977304498,包厩备,2494,66.0,66.5,48
126.957600474949,37.4923552021805,包厩备,2495,198.0,198.0,101
126.957788596558,37.492441155261204,包厩备,2495,198.0,198.0,101
126.95802282748801,37.4925341528229,包厩备,2495,198.0,198.0,101
126.95814648235,37.492565165642795,包厩备,2495,198.0,198.0,101
126.958453170854,37.4926246897519,包厩备,2495,198.0,198.0,101
126.958580460529,37.4927857897936,包厩备,2495,198.0,198.0,101
126.95869647161301,37.4929164768644,包厩备,2495,198.0,198.0,101
126.958756818632,37.4930601000624,包厩备,2495,198.0,198.0,101
126.958864753174,37.49339576147421,包厩备,2495,198.0,198.0,101
126.958893345507,37.493464752329295,包厩备,2495,198.0,198.0,101
126.958932855799,37.4935833020944,包厩备,2495,198.0,198.0,101
126.958946446894,37.4936049940543,包厩备,2495,198.0,198.0,101
126.959322146514,37.493795744313104,包厩备,2495,198.0,198.0,101
126.95933840304899,37.4938033455446,包厩备,2495,198.0,198.0,101
126.959364196444,37.4938033547499,包厩备,2495,198.0,198.0,101
126.959480104806,37.493799737988,包厩备,2495,198.0,198.0,101
126.95970644845801,37.4937925021862,包厩备,2495,198.0,198.0,101
126.959758918985,37.4937894213041,包厩备,2495,198.0,198.0,101
126.96013209857,37.4937571706825,包厩备,2570,18.0,18.5,18
126.96027681291099,37.493744832538795,包厩备,2570,18.0,18.5,18
126.960289354018,37.4937437106661,包厩备,2570,18.0,18.5,18
126.960581163492,37.4935624859487,包厩备,2570,18.0,18.5,18
126.961052550358,37.493258281622,包厩备,2570,18.0,18.5,18
126.960947433171,37.492922623165896,包厩备,2570,18.0,18.5,18
126.961377856733,37.4928740621295,包厩备,2570,18.0,18.5,18
126.961372949434,37.4928101435369,包厩备,2570,18.0,18.5,18
126.961371546059,37.4927912761242,包厩备,2570,18.0,18.5,18
126.961354493461,37.4926231798035,包厩备,2570,18.0,18.5,18
126.961350095499,37.4925795338766,包厩备,2570,18.0,18.5,18
126.96133920720501,37.4924719778234,包厩备,2570,18.0,18.5,18
126.96133796998998,37.492459588654704,包厩备,2570,18.0,18.5,18
126.961341350704,37.492417918561,包厩备,2570,18.0,18.5,18
126.96135487940501,37.492240254995714,包厩备,2570,18.0,18.5,18
126.961359502285,37.4921805653243,包厩备,2570,18.0,18.5,18
126.96136447885901,37.4921149652129,包厩备,2570,18.0,18.5,18
126.96137177485201,37.4920257056309,包厩备,2570,18.0,18.5,18
126.961374270063,37.491990513421705,包厩备,2569,21.0,22.0,29
126.961379249172,37.49192012899879,包厩备,2569,21.0,22.0,29
126.96138601818501,37.4918224268644,包厩备,2569,21.0,22.0,29
126.961389403514,37.4917720260767,包厩备,2569,21.0,22.0,29
126.961390123876,37.4917571057621,包厩备,2569,21.0,22.0,29
126.96139350271099,37.4916976949719,包厩备,2569,21.0,22.0,29
126.96139457722099,37.4916760172775,包厩备,2569,21.0,22.0,29
126.961399064001,37.4915535368635,包厩备,2569,21.0,22.0,29
126.96140104022601,37.4914949725347,包厩备,2569,21.0,22.0,29
126.961399797745,37.4914924403028,包厩备,2569,21.0,22.0,29
126.961397506672,37.491484276464895,包厩备,2569,21.0,22.0,29
126.961278313554,37.4913575283,包厩备,2569,21.0,22.0,29
126.96117960960699,37.4912527533901,包厩备,2569,21.0,22.0,29
126.961030220672,37.491094189355294,包厩备,2569,21.0,22.0,29
126.96093716843399,37.49099447979521,包厩备,2569,21.0,22.0,29
126.960797318238,37.4908466136062,包厩备,2569,21.0,22.0,29
126.96078212969401,37.4908305525489,包厩备,2569,21.0,22.0,29
126.96078143153099,37.490825209377604,包厩备,2569,21.0,22.0,29
126.96078072069099,37.49082238900221,包厩备,2569,21.0,22.0,29
126.96079136914699,37.490744960723795,包厩备,2569,21.0,22.0,29
126.960808034366,37.4906236197703,包厩备,2569,21.0,22.0,29
126.960821338785,37.4905276137786,包厩备,2569,21.0,22.0,29
126.96083552897,37.4904245622675,包厩备,2569,21.0,22.0,29
126.96084350953899,37.490366558624295,包厩备,2569,21.0,22.0,29
126.960845813033,37.4903516388543,包厩备,2569,21.0,22.0,29
126.960850067658,37.4903251779436,包厩备,2569,21.0,22.0,29
126.960858577211,37.490271679481395,包厩备,2569,21.0,22.0,29
126.960872589748,37.4901832781635,包厩备,2569,21.0,22.0,29
126.960872593717,37.4901759530332,包厩备,2569,21.0,22.0,29
126.96088284766199,37.4901585041861,包厩备,2569,21.0,22.0,29
126.960889207901,37.490148370121005,包厩备,2569,21.0,22.0,29
126.96099457773501,37.490029582397796,包厩备,2569,21.0,22.0,29
126.96101420294599,37.48999580161829,包厩备,2569,21.0,22.0,29
126.96106904668501,37.4898643374409,包厩备,2569,21.0,22.0,29
126.96133562831,37.4892525861276,包厩备,2569,21.0,22.0,29
126.96138975256201,37.4891323840443,包厩备,2569,21.0,22.0,29
126.961752191152,37.4889894637589,包厩备,2569,21.0,22.0,29
126.961783730587,37.488811815110296,包厩备,2569,21.0,22.0,29
126.961821977241,37.4886513327597,包厩备,2569,21.0,22.0,29
126.961946215165,37.4885967557861,包厩备,2569,21.0,22.0,29
126.96192893882099,37.48850918176471,包厩备,2569,21.0,22.0,29
126.961837305422,37.488060903280896,包厩备,2569,21.0,22.0,29
126.961781096242,37.4877866468536,包厩备,2568,10.0,10.0,12
126.961744992681,37.4875737643075,包厩备,2568,10.0,10.0,12
126.961715055257,37.487396653545204,包厩备,2568,10.0,10.0,12
126.961694838407,37.4872049047858,包厩备,2568,10.0,10.0,12
126.96184204988,37.4871072497959,包厩备,2568,10.0,10.0,12
126.96181182624399,37.4864666911978,包厩备,2568,10.0,10.0,12
126.961803244204,37.4863174555535,包厩备,2568,10.0,10.0,12
126.96167322187999,37.4859868616087,包厩备,2568,10.0,10.0,12
126.961727535042,37.4858460985268,包厩备,2568,10.0,10.0,12
126.961830138596,37.4855777969484,包厩备,2568,10.0,10.0,12
126.961895069909,37.485412259819604,包厩备,2568,10.0,10.0,12
126.961985647865,37.4851757774074,包厩备,2568,10.0,10.0,12
126.961978405507,37.4851659180335,包厩备,2568,10.0,10.0,12
126.961964643676,37.4851476140979,包厩备,2568,10.0,10.0,12
126.96194274657499,37.48511889186479,包厩备,2568,10.0,10.0,12
126.961868423824,37.4850200361506,包厩备,2568,10.0,10.0,12
126.961635921035,37.484710238804496,包厩备,2568,10.0,10.0,12
126.96163681207399,37.484693066025294,包厩备,2568,10.0,10.0,12
126.961635040837,37.484685740288896,包厩备,2568,10.0,10.0,12
126.961690244697,37.484548076936996,包厩备,2568,10.0,10.0,12
126.96168988797199,37.4845384991754,包厩备,2568,10.0,10.0,12
126.96169467411998,37.4845106328253,包厩备,2568,10.0,10.0,12
126.961625922397,37.4842279205406,包厩备,2568,10.0,10.0,12
126.961074301806,37.4837234516889,包厩备,2567,18.0,19.5,19
126.961067311794,37.4835815416064,包厩备,2567,18.0,19.5,19
126.96107032263599,37.483575343748704,包厩备,2567,18.0,19.5,19
126.961075090212,37.4835612717415,包厩备,2567,18.0,19.5,19
126.96141107092501,37.4832863015679,包厩备,2567,18.0,19.5,19
126.96182587842199,37.482944061142,包厩备,2567,18.0,19.5,19
126.96187947858101,37.482821317703795,包厩备,2567,18.0,19.5,19
126.96204785673001,37.482446332248394,包厩备,2567,18.0,19.5,19
126.96249564100599,37.482182938056795,包厩备,2567,18.0,19.5,19
126.962694274702,37.4820608006594,包厩备,2567,18.0,19.5,19
126.963276360544,37.4813745444515,包厩备,2567,18.0,19.5,19
126.963944478308,37.4810185748324,包厩备,2567,18.0,19.5,19
126.964041245023,37.48074971964221,包厩备,2567,18.0,19.5,19
126.964343897185,37.479945391892294,包厩备,2567,18.0,19.5,19
126.96435469913901,37.479912724965104,包厩备,2567,18.0,19.5,19
126.964414984397,37.4798161745364,包厩备,2567,18.0,19.5,19
126.964794239032,37.4794913647169,包厩备,2566,295.0,296.0,160
126.965648142394,37.479206405845396,包厩备,2566,295.0,296.0,160
126.96634216444099,37.478923645809104,包厩备,2641,12.0,12.5,10
126.966884347291,37.478442896147,包厩备,2641,12.0,12.5,10
126.967278825869,37.4780153144362,包厩备,2641,12.0,12.5,10
126.967781653455,37.4778355379457,包厩备,2641,12.0,12.5,10
126.968044839925,37.4774946465465,包厩备,2641,12.0,12.5,10
126.96822069353998,37.4772722568069,包厩备,2641,12.0,12.5,10
126.96882971516001,37.4766034326627,包厩备,2641,12.0,12.5,10
126.968877768863,37.476589651599795,包厩备,2641,12.0,12.5,10
126.96890232956699,37.4765769902885,包厩备,2641,12.0,12.5,10
126.970105142098,37.4765145252878,包厩备,2641,12.0,12.5,10
126.970240623752,37.47651793998229,包厩备,2641,12.0,12.5,10
126.970254231453,37.4765002028473,包厩备,2641,12.0,12.5,10
126.97027473481,37.4764838730975,包厩备,2641,12.0,12.5,10
126.970298831743,37.475873171043,包厩备,2641,12.0,12.5,10
126.97030361273899,37.4758486740499,包厩备,2641,12.0,12.5,10
126.970430738468,37.4755522236928,包厩备,2640,156.0,157.0,91
126.97052284652,37.47537655240129,包厩备,2640,156.0,157.0,91
126.97226173599701,37.475788357373396,包厩备,2716,107.0,107.5,62
126.974285933054,37.476201058773796,包厩备,2716,107.0,107.5,62
126.9773108773,37.4765136891842,包厩备,2716,107.0,107.5,62
126.978423166754,37.47665018839221,包厩备,2791,635.0,637.0,336
126.979694151929,37.476598550226,包厩备,2791,635.0,637.0,336
126.979913376402,37.4765896435535,包厩备,2791,635.0,637.0,336
126.98103862223,37.4765388832148,包厩备,2791,635.0,637.0,336
126.981416820387,37.4765358487001,包厩备,2791,635.0,637.0,336
126.981582874467,37.47653081319461,包厩备,2791,635.0,637.0,336
126.981691326595,37.4765305521285,包厩备,2791,635.0,637.0,336
126.981717881009,37.47568023555171,包厩备,2791,635.0,637.0,336
126.98179713904699,37.4752173587617,包厩备,2790,149.0,149.0,77
126.98186911934401,37.474869917127,包厩备,2790,149.0,149.0,77
126.98211825838499,37.4738729447587,包厩备,2790,149.0,149.0,77
126.982157694704,37.4737231595151,包厩备,2790,149.0,149.0,77
126.982276987121,37.473490891465204,包厩备,2790,149.0,149.0,77
126.982290593808,37.4734638635951,包厩备,2790,149.0,149.0,77
126.982302786584,37.4734399349432,包厩备,2790,149.0,149.0,77
126.98232894906401,37.473383905828,包厩备,2790,149.0,149.0,77
126.98236358350701,37.47330957871209,包厩备,2790,149.0,149.0,77
126.98240653166701,37.4732166652409,包厩备,2790,149.0,149.0,77
126.98242544337299,37.4731772494223,包厩备,2790,149.0,149.0,77
126.982446119541,37.473134175813605,包厩备,2790,149.0,149.0,77
126.982478638039,37.473066605841,包厩备,2790,149.0,149.0,77
126.982523881218,37.4729720078175,包厩备,2790,149.0,149.0,77
126.982557101042,37.4729021854268,包厩备,2790,149.0,149.0,77
126.982569124354,37.4728771304642,包厩备,2790,149.0,149.0,77
126.9829056123,37.4721887545994,包厩备,2790,149.0,149.0,77
126.982944316205,37.4721107698665,包厩备,2790,149.0,149.0,77
126.98299097123301,37.4720164511815,包厩备,2790,149.0,149.0,77
126.982994329687,37.47201251432461,包厩备,2790,149.0,149.0,77
126.982995743255,37.472010541349505,包厩备,2790,149.0,149.0,77
126.983040803368,37.4719196101646,包厩备,2790,149.0,149.0,77
126.983193671626,37.4716132929167,包厩备,2790,149.0,149.0,77
126.98357832421101,37.4710823186937,包厩备,2789,2.0,2.0,1
126.98402727312599,37.4705420633588,包厩备,2864,9.0,9.5,8
126.98436931176902,37.4701935423352,包厩备,2864,9.0,9.5,8
126.98469933599002,37.4698720396828,包厩备,2864,9.0,9.5,8
126.98492176754299,37.469633305226004,包厩备,2864,9.0,9.5,8
126.985325097019,37.469249876087,包厩备,2864,9.0,9.5,8
126.985627175207,37.469006078512,包厩备,2864,9.0,9.5,8
126.986102209973,37.4686285668812,包厩备,2864,9.0,9.5,8
126.986401464844,37.4684025076933,包厩备,2864,9.0,9.5,8
126.986453573841,37.4683608429295,包厩备,2864,9.0,9.5,8
126.986595611507,37.4682389461475,包厩备,2864,9.0,9.5,8
126.98660673556499,37.4682347218444,包厩备,2864,9.0,9.5,8
126.986628281148,37.4682347245606,包厩备,2864,9.0,9.5,8
126.986714321876,37.4681502662773,包厩备,2864,9.0,9.5,8
126.986824192962,37.468057647802,包厩备,2864,9.0,9.5,8
126.98692789056601,37.4679712183563,包厩备,2864,9.0,9.5,8
126.98696481775801,37.46792899286661,包厩备,2864,9.0,9.5,8
126.98696782616,37.4679211094548,包厩备,2864,9.0,9.5,8
126.98702982901101,37.46786142557711,包厩备,2864,9.0,9.5,8
126.98709342552401,37.4678023004831,包厩备,2864,9.0,9.5,8
126.987149774771,37.4677499410113,包厩备,2864,9.0,9.5,8
126.987273793297,37.467619031172205,包厩备,2864,9.0,9.5,8
126.98717050128401,37.467421356478,包厩备,2864,9.0,9.5,8
126.987129008407,37.46734166666121,包厩备,2863,17.0,18.0,12
126.98710907325301,37.46725663650629,包厩备,2863,17.0,18.0,12
126.98710641882799,37.4672462115689,包厩备,2863,17.0,18.0,12
126.987104658871,37.4672282002887,包厩备,2863,17.0,18.0,12
126.987236779442,37.4672270900714,包厩备,2863,17.0,18.0,12
126.987247190257,37.46722764995121,包厩备,2863,17.0,18.0,12
126.987375461619,37.4670176143521,包厩备,2863,17.0,18.0,12
126.987416632813,37.4669447010316,包厩备,2863,17.0,18.0,12
126.987464509025,37.4668616431899,包厩备,2863,17.0,18.0,12
126.987500907504,37.4668011090635,包厩备,2863,17.0,18.0,12
126.98750780506901,37.46678928871071,包厩备,2863,17.0,18.0,12
126.987518219237,37.4667715491787,包厩备,2863,17.0,18.0,12
126.987532885014,37.466746493997505,包厩备,2863,17.0,18.0,12
126.98754738101499,37.4667225560392,包厩备,2863,17.0,18.0,12
126.98757511820801,37.4666749773001,包厩备,2863,17.0,18.0,12
126.987585362733,37.4666575260631,包厩备,2863,17.0,18.0,12
126.987602855366,37.4666273985541,包厩备,2863,17.0,18.0,12
126.98762104903099,37.4665961448699,包厩备,2863,17.0,18.0,12
126.987623174777,37.46659276635521,包厩备,2863,17.0,18.0,12
126.987628296976,37.466584324550794,包厩备,2863,17.0,18.0,12
126.987635364164,37.4665719365777,包厩备,2863,17.0,18.0,12
126.987638541686,37.4665657380441,包厩备,2863,17.0,18.0,12
126.987651081742,37.466543502739896,包厩备,2863,17.0,18.0,12
126.987677055148,37.4664973293345,包厩备,2863,17.0,18.0,12
126.987685366154,37.466482688994,包厩备,2863,17.0,18.0,12
126.987693665855,37.4664680396416,包厩备,2863,17.0,18.0,12
126.987702327117,37.4664542462845,包厩备,2863,17.0,18.0,12
126.987709914255,37.4664418583674,包厩备,2863,17.0,18.0,12
126.987719276657,37.4664263802136,包厩备,2863,17.0,18.0,12
126.98772635491301,37.46641510948071,包厩备,2863,17.0,18.0,12
126.98772811897899,37.4664114516107,包厩备,2863,17.0,18.0,12
126.98774561283899,37.466374007927605,包厩备,2863,17.0,18.0,12
126.987762224676,37.4663382490164,包厩备,2863,17.0,18.0,12
126.98776893056002,37.4663233291716,包厩备,2863,17.0,18.0,12
126.987794905567,37.4662675780669,包厩备,2863,17.0,18.0,12
126.987816990545,37.466219998611,包厩备,2863,17.0,18.0,12
126.98784226459499,37.4661645357349,包厩备,2863,17.0,18.0,12
126.98784843906799,37.4661501744461,包厩备,2863,17.0,18.0,12
126.987867528225,37.4661040001994,包厩备,2863,17.0,18.0,12
126.987892441601,37.46604234737261,包厩备,2863,17.0,18.0,12
126.987930609039,37.4659468994049,包厩备,2863,17.0,18.0,12
126.987934499257,37.465937322179705,包厩备,2863,17.0,18.0,12
126.98793626355601,37.465932258740004,包厩备,2863,17.0,18.0,12
126.987951466868,37.465870875084,包厩备,2863,17.0,18.0,12
126.98796401159402,37.4658216096244,包厩备,2863,17.0,18.0,12
126.988002369114,37.4656737862879,包厩备,2863,17.0,18.0,12
126.98802587468799,37.4655820036924,包厩备,2863,17.0,18.0,12
126.98804160937999,37.4655192145154,包厩备,2863,17.0,18.0,12
126.98804956242901,37.4654826076272,包厩备,2863,17.0,18.0,12
126.98805485688601,37.46545839825129,包厩备,2863,17.0,18.0,12
126.988061407107,37.465428269421395,包厩备,2863,17.0,18.0,12
126.988064223383,37.4654189803901,包厩备,2863,17.0,18.0,12
126.98808120518801,37.4653350808225,包厩备,2863,17.0,18.0,12
126.98809092373101,37.4652863646361,包厩备,2863,17.0,18.0,12
126.988098877735,37.4652441354777,包厩备,2863,17.0,18.0,12
126.988108427152,37.465192887448396,包厩备,2863,17.0,18.0,12
126.98812062436501,37.4651261604674,包厩备,2863,17.0,18.0,12
126.988134054501,37.4650546492922,包厩备,2863,17.0,18.0,12
126.988140073636,37.4650231148292,包厩备,2863,17.0,18.0,12
126.98814573055,37.46499439145771,包厩备,2863,17.0,18.0,12
126.988154747983,37.4649468104491,包厩备,2863,17.0,18.0,12
126.98815757658501,37.464931601819,包厩备,2863,17.0,18.0,12
126.98816092640399,37.464909356405286,包厩备,2863,17.0,18.0,12
126.988163939464,37.4648738842125,包厩备,2863,17.0,18.0,12
126.98816853812599,37.4648209507379,包厩备,2863,17.0,18.0,12
126.988178443252,37.464739302858796,包厩备,2863,17.0,18.0,12
126.98818022091,37.4647224092311,包厩备,2863,17.0,18.0,12
126.98818535141899,37.4646660880388,包厩备,2863,17.0,18.0,12
126.988198622894,37.4645323534827,包厩备,2863,17.0,18.0,12
126.988201626365,37.4644870242996,包厩备,2863,17.0,18.0,12
126.988215080831,37.46434089194,包厩备,2863,17.0,18.0,12
126.98822481076901,37.4642265736166,包厩备,2863,17.0,18.0,12
126.988274280723,37.4641288832781,包厩备,2863,17.0,18.0,12
126.98833947923201,37.4639993621906,包厩备,2863,17.0,18.0,12
126.988301731444,37.463709910342494,包厩备,2863,17.0,18.0,12
126.988265033741,37.4634925479453,包厩备,2863,17.0,18.0,12
126.988250033114,37.463434539601295,包厩备,2863,17.0,18.0,12
126.98816142032301,37.4631490283596,包厩备,2862,0.0,0.0,0
126.98813229928899,37.4630428687243,包厩备,2862,0.0,0.0,0
126.98804776572099,37.4627063970268,包厩备,2862,0.0,0.0,0
126.98790480355801,37.4621376125314,包厩备,2862,0.0,0.0,0
126.987796270397,37.46170540609421,包厩备,2862,0.0,0.0,0
126.987748441975,37.4615477247189,包厩备,2862,0.0,0.0,0
126.987700070639,37.4613931337027,包厩备,2862,0.0,0.0,0
126.987630349995,37.4611670364221,包厩备,2862,0.0,0.0,0
126.987582534958,37.4609409326663,包厩备,2862,0.0,0.0,0
126.987576720088,37.4609077029253,包厩备,2862,0.0,0.0,0
126.987564730126,37.46077255079521,包厩备,2862,0.0,0.0,0
126.987552551292,37.4607415818226,包厩备,2862,0.0,0.0,0
126.987524126485,37.4606694980777,包厩备,2862,0.0,0.0,0
126.98752891426099,37.4605732082612,包厩备,2862,0.0,0.0,0
126.98753160014601,37.460353021019394,包厩备,2862,0.0,0.0,0
126.98753373117201,37.4603203598459,包厩备,2862,0.0,0.0,0
126.98754222631001,37.460223782140005,包厩备,2862,0.0,0.0,0
126.987550367057,37.460148612266,包厩备,2862,0.0,0.0,0
126.98756645453399,37.4600689292941,包厩备,2862,0.0,0.0,0
126.9875745773,37.4600295112886,包厩备,2862,0.0,0.0,0
126.987591907045,37.4599551804273,包厩备,2862,0.0,0.0,0
126.987612935595,37.45986564103461,包厩备,2862,0.0,0.0,0
126.98764120940201,37.4597749852416,包厩备,2862,0.0,0.0,0
126.98764880910299,37.459752172688496,包厩备,2862,0.0,0.0,0
126.98765764116501,37.459727405098704,包厩备,2862,0.0,0.0,0
126.98766718556,37.459701214003786,包厩备,2862,0.0,0.0,0
126.987691035032,37.459636740881706,包厩备,2862,0.0,0.0,0
126.98769475546301,37.4596268843226,包厩备,2862,0.0,0.0,0
126.987705169629,37.4596035134714,包厩备,2862,0.0,0.0,0
126.987733969445,37.45954016717421,包厩备,2862,0.0,0.0,0
126.987796868484,37.4594213589655,包厩备,2862,0.0,0.0,0
126.98785180784,37.4593154972429,包厩备,2862,0.0,0.0,0
126.987864346931,37.459291558989,包厩备,2862,0.0,0.0,0
126.987876014831,37.4592724229897,包厩备,2862,0.0,0.0,0
126.98796133913,37.4591474183593,包厩备,2861,0.0,0.0,0
126.98797352625,37.459131931479796,包厩备,2861,0.0,0.0,0
126.988104417269,37.458973991210605,包厩备,2861,0.0,0.0,0
126.98816147421002,37.4589050077137,包厩备,2861,0.0,0.0,0
126.98822736097,37.4588216721706,包厩备,2861,0.0,0.0,0
126.98828917778499,37.4587431204712,包厩备,2861,0.0,0.0,0
126.98831991638001,37.4587051195122,包厩备,2861,0.0,0.0,0
126.988445864917,37.458557314608896,包厩备,2861,0.0,0.0,0
126.988459114336,37.4585415484837,包厩备,2861,0.0,0.0,0
126.988494097545,37.45846721041,包厩备,2861,0.0,0.0,0
126.988572532546,37.4583002537616,包厩备,2861,0.0,0.0,0
126.988635782255,37.4581659568405,包厩备,2861,0.0,0.0,0
126.988411860296,37.45807526407409,包厩备,2861,0.0,0.0,0
126.988356594701,37.4580530211257,包厩备,2861,0.0,0.0,0
126.98816516630801,37.4579730354455,包厩备,2861,0.0,0.0,0
126.987907521561,37.4578668586369,包厩备,2861,0.0,0.0,0
126.987261214685,37.4576006975863,包厩备,2861,0.0,0.0,0
126.98678106742399,37.4574032644856,包厩备,2861,0.0,0.0,0
126.986612630938,37.4572123383618,包厩备,2861,0.0,0.0,0
126.986209983218,37.4572066646316,包厩备,2861,0.0,0.0,0
126.985263941835,37.4571817516767,包厩备,2861,0.0,0.0,0
126.984903357597,37.4570426133507,包厩备,2861,0.0,0.0,0
126.98438784081199,37.457105610141895,包厩备,2861,0.0,0.0,0
126.98288822725401,37.456826918592796,包厩备,2786,0.0,0.0,0
126.982437701999,37.4568778075931,包厩备,2786,0.0,0.0,0
126.98190364969801,37.4569357178968,包厩备,2786,0.0,0.0,0
126.98203387870001,37.456662905995,包厩备,2786,0.0,0.0,0
126.982389210796,37.455917102701,包厩备,2786,0.0,0.0,0
126.98239804443001,37.4558912002215,包厩备,2786,0.0,0.0,0
126.981201282493,37.455777527948996,包厩备,2786,0.0,0.0,0
126.979790476794,37.45564719887409,包厩备,2786,0.0,0.0,0
126.978477463337,37.4557347982726,包厩备,2786,0.0,0.0,0
126.97775711738998,37.4551991159699,包厩备,2711,0.0,0.0,0
126.976553010457,37.45489759853511,包厩备,2710,0.0,0.0,0
126.97457955924601,37.454412874697795,包厩备,2710,0.0,0.0,0
126.974061796735,37.453904813562005,包厩备,2710,0.0,0.0,0
126.97401253838,37.453855526102,包厩备,2710,0.0,0.0,0
126.973371566798,37.453237627571795,包厩备,2710,0.0,0.0,0
126.97332444305701,37.45316440961071,包厩备,2710,0.0,0.0,0
126.97325667570499,37.4530486682258,包厩备,2710,0.0,0.0,0
126.972843532852,37.45238238291621,包厩备,2710,0.0,0.0,0
126.97175282424801,37.4517373353191,包厩备,2635,0.0,0.0,0
126.971067647259,37.4504698324601,包厩备,2634,0.0,0.0,0
126.970569391521,37.449452701084105,包厩备,2634,0.0,0.0,0
126.97031198053699,37.449349296974795,包厩备,2634,0.0,0.0,0
126.970147074461,37.4492912465268,包厩备,2634,0.0,0.0,0
126.970051378484,37.4492574333473,包厩备,2634,0.0,0.0,0
126.96959356655701,37.449095976363395,包厩备,2634,0.0,0.0,0
126.968661716982,37.448754464789204,包厩备,2634,0.0,0.0,0
126.967662976667,37.4483805445329,包厩备,2634,0.0,0.0,0
126.965780674246,37.4471993923216,包厩备,2559,0.0,0.0,0
126.965343427465,37.4469238846023,包厩备,2559,0.0,0.0,0
126.965202560676,37.4468331820989,包厩备,2558,0.0,0.0,0
126.964940064669,37.4466697936669,包厩备,2558,0.0,0.0,0
126.964620032604,37.446470067113204,包厩备,2558,0.0,0.0,0
126.964365142194,37.4463114641156,包厩备,2558,0.0,0.0,0
126.96428976527399,37.4462672369996,包厩备,2558,0.0,0.0,0
126.964121732463,37.4457707831661,包厩备,2558,0.0,0.0,0
126.96394189563298,37.4452458895161,包厩备,2558,0.0,0.0,0
126.963933616609,37.4452146309473,包厩备,2558,0.0,0.0,0
126.96414021270701,37.444832056736395,包厩备,2558,0.0,0.0,0
126.964372269186,37.44439879947461,包厩备,2558,0.0,0.0,0
126.96441927657801,37.44431265091279,包厩备,2558,0.0,0.0,0
126.964316217362,37.443830858933296,包厩备,2558,0.0,0.0,0
126.964303003257,37.443770325101,包厩备,2558,0.0,0.0,0
126.96432081825,37.4434622943097,包厩备,2558,0.0,0.0,0
126.96433430894699,37.4433063161525,包厩备,2558,0.0,0.0,0
126.964356025615,37.4429687245037,包厩备,2558,0.0,0.0,0
126.964381644778,37.4425770736062,包厩备,2557,0.0,0.0,0
126.96461018345501,37.4420877899511,包厩备,2557,0.0,0.0,0
126.964634039096,37.4420396475502,包厩备,2557,0.0,0.0,0
126.96415382557899,37.4416132120092,包厩备,2557,0.0,0.0,0
126.963822022276,37.44131858527521,包厩备,2557,0.0,0.0,0
126.96378426224399,37.441286758645795,包厩备,2557,0.0,0.0,0
126.963799657905,37.4408714530446,包厩备,2557,0.0,0.0,0
126.96380340667999,37.4407869847601,包厩备,2557,0.0,0.0,0
126.963113957666,37.4403765249191,包厩备,2557,0.0,0.0,0
126.962983528554,37.4402996084845,包厩备,2557,0.0,0.0,0
126.962942926614,37.4402804578355,包厩备,2557,0.0,0.0,0
126.96246691923001,37.440280580864,包厩备,2557,0.0,0.0,0
126.96194941974301,37.4402787148877,包厩备,2557,0.0,0.0,0
126.961762621214,37.440279219851,包厩备,2557,0.0,0.0,0
126.961499888485,37.4402991155581,包厩备,2557,0.0,0.0,0
126.960903965543,37.4403431247818,包厩备,2557,0.0,0.0,0
126.960275917251,37.4403854168926,包厩备,2557,0.0,0.0,0
126.960055911292,37.4404005489465,包厩备,2482,0.0,0.0,0
126.96000049874901,37.4403557584184,包厩备,2482,0.0,0.0,0
126.95975660008499,37.440155765893394,包厩备,2482,0.0,0.0,0
126.959571479361,37.4400053401544,包厩备,2482,0.0,0.0,0
126.95954253282801,37.439978578955,包厩备,2482,0.0,0.0,0
126.959496840668,37.439910149191,包厩备,2482,0.0,0.0,0
126.959252688234,37.4395434600384,包厩备,2482,0.0,0.0,0
126.95916942941601,37.4394068734715,包厩备,2482,0.0,0.0,0
126.95899885991699,37.439126941135,包厩备,2482,0.0,0.0,0
126.958977343885,37.4390894784901,包厩备,2482,0.0,0.0,0
126.958966055345,37.4390697693813,包厩备,2482,0.0,0.0,0
126.958432525508,37.439016641911294,包厩备,2482,0.0,0.0,0
126.958139631504,37.4389880899755,包厩备,2482,0.0,0.0,0
126.95774064064699,37.438947685856704,包厩备,2482,0.0,0.0,0
126.95756691820101,37.4389304481835,包厩备,2482,0.0,0.0,0
126.95704064776399,37.43885309803221,包厩备,2482,0.0,0.0,0
126.956705032219,37.438803415841,包厩备,2482,0.0,0.0,0
126.956478177882,37.4387698211379,包厩备,2482,0.0,0.0,0
126.956368196589,37.438754011543104,包厩备,2482,0.0,0.0,0
126.956063115888,37.4387378476777,包厩备,2482,0.0,0.0,0
126.955619969494,37.43871430430529,包厩备,2482,0.0,0.0,0
126.95526033551701,37.43869642327971,包厩备,2481,0.0,0.0,0
126.955174878798,37.4386924524046,包厩备,2481,0.0,0.0,0
126.95510885520201,37.4386921471911,包厩备,2481,0.0,0.0,0
126.954995838808,37.43872448500021,包厩备,2482,0.0,0.0,0
126.954630811613,37.43885695115471,包厩备,2482,0.0,0.0,0
126.95438130417,37.4389103537899,包厩备,2482,0.0,0.0,0
126.953904180533,37.4390095527796,包厩备,2407,0.0,0.0,0
126.953610547325,37.439044348209706,包厩备,2407,0.0,0.0,0
126.953447568642,37.439067086562794,包厩备,2407,0.0,0.0,0
126.95316717111099,37.43909540802471,包厩备,2407,0.0,0.0,0
126.952652112038,37.4391591137496,包厩备,2407,0.0,0.0,0
126.95241109151002,37.4391902698428,包厩备,2407,0.0,0.0,0
126.952086543052,37.438981217849495,包厩备,2407,0.0,0.0,0
126.952072240996,37.438976139193,包厩备,2407,0.0,0.0,0
126.95187105209,37.43883639862371,包厩备,2407,0.0,0.0,0
126.95146726225,37.4385766208978,包厩备,2406,0.0,0.0,0
126.95115838548,37.438444158660396,包厩备,2406,0.0,0.0,0
126.951138781246,37.4384433033598,包厩备,2406,0.0,0.0,0
126.951135255772,37.4384433018573,包厩备,2406,0.0,0.0,0
126.951067926714,37.4385364734218,包厩备,2406,0.0,0.0,0
126.950925305765,37.438733787306106,包厩备,2407,0.0,0.0,0
126.950032710723,37.4386216228669,包厩备,2406,0.0,0.0,0
126.949843077228,37.438379673510795,包厩备,2406,0.0,0.0,0
126.949577957469,37.4382942408642,包厩备,2406,0.0,0.0,0
126.949513344355,37.438280985658395,包厩备,2406,0.0,0.0,0
126.949310666318,37.4382611822662,包厩备,2406,0.0,0.0,0
126.94928419905399,37.4382501962955,包厩备,2406,0.0,0.0,0
126.949277132716,37.438256103786394,包厩备,2406,0.0,0.0,0
126.949189329695,37.4383287042283,包厩备,2406,0.0,0.0,0
126.94917661472601,37.4383329243274,包厩备,2406,0.0,0.0,0
126.949161420245,37.4383441802005,包厩备,2406,0.0,0.0,0
126.94905366732901,37.4384252231592,包厩备,2406,0.0,0.0,0
126.948945201519,37.4385073919617,包厩备,2406,0.0,0.0,0
126.948765903837,37.4386458420818,包厩备,2406,0.0,0.0,0
126.94862357850401,37.438671114832395,包厩备,2406,0.0,0.0,0
126.948363126435,37.4387126786418,包厩备,2407,0.0,0.0,0
126.94830453057199,37.4386909650159,包厩备,2406,0.0,0.0,0
126.948289163465,37.4386903994725,包厩备,2331,0.0,0.0,0
126.948112662904,37.4386112023491,包厩备,2331,0.0,0.0,0
126.948034302476,37.4385759645371,包厩备,2331,0.0,0.0,0
126.947854449886,37.43849198115721,包厩备,2331,0.0,0.0,0
126.94759920400101,37.43841190054479,包厩备,2331,0.0,0.0,0
126.947165682755,37.4382726043857,包厩备,2331,0.0,0.0,0
126.947027652152,37.438234536319605,包厩备,2331,0.0,0.0,0
126.946789348129,37.438167129938,包厩备,2331,0.0,0.0,0
126.94659036693301,37.4379296760619,包厩备,2331,0.0,0.0,0
126.946380200611,37.4377690906456,包厩备,2331,0.0,0.0,0
126.945676270014,37.437305299611296,包厩备,2331,0.0,0.0,0
126.945090636679,37.4370882209136,包厩备,2331,0.0,0.0,0
126.94463739121599,37.437123476397794,包厩备,2331,0.0,0.0,0
126.944060364134,37.4371980981686,包厩备,2331,0.0,0.0,0
126.943522877799,37.4372659699539,包厩备,2331,0.0,0.0,0
126.94338515871901,37.4372827962158,包厩备,2331,0.0,0.0,0
126.943283981913,37.437299640323786,包厩备,2331,0.0,0.0,0
126.94262429511299,37.437405181986996,包厩备,2331,0.0,0.0,0
126.94197961616,37.4375056548494,包厩备,2256,0.0,0.0,0
126.941424430485,37.437404298828795,包厩备,2256,0.0,0.0,0
126.941149157155,37.4369916679831,包厩备,2256,0.0,0.0,0
126.941137870676,37.4369756062511,包厩备,2256,0.0,0.0,0
126.94113682480601,37.4369694157899,包厩备,2256,0.0,0.0,0
126.941102787087,37.4369181490474,包厩备,2256,0.0,0.0,0
126.94087964415701,37.4366696988838,包厩备,2256,0.0,0.0,0
126.94070819547,37.436478984477894,包厩备,2256,0.0,0.0,0
126.94053039255199,37.4362803917261,包厩备,2256,0.0,0.0,0
126.940502610984,37.43613706299229,包厩备,2256,0.0,0.0,0
126.940502984218,37.4361227011106,包厩备,2256,0.0,0.0,0
126.94048064849501,37.4360078110049,包厩备,2256,0.0,0.0,0
126.940472025849,37.4359816232472,包厩备,2256,0.0,0.0,0
126.940426794159,37.4358019568144,包厩备,2256,0.0,0.0,0
126.940352664327,37.4357689776132,包厩备,2256,0.0,0.0,0
126.940220306532,37.435712316715005,包厩备,2256,0.0,0.0,0
126.939558391416,37.4359558115706,包厩备,2256,0.0,0.0,0
126.939364303228,37.4360258171536,包厩备,2256,0.0,0.0,0
126.938625974976,37.436028517125294,包厩备,2256,0.0,0.0,0
126.938621907253,37.4360285149612,包厩备,2256,0.0,0.0,0
126.93861531950701,37.4360963754108,包厩备,2256,0.0,0.0,0
126.938575505273,37.4364150859397,包厩备,2256,0.0,0.0,0
126.93857480024299,37.436420428544004,包厩备,2256,0.0,0.0,0
126.938545816098,37.436449137255,包厩备,2256,0.0,0.0,0
126.93837512996402,37.4366092545055,包厩备,2256,0.0,0.0,0
126.93832637084499,37.436652593983204,包厩备,2256,0.0,0.0,0
126.93828322896499,37.43672098447671,包厩备,2256,0.0,0.0,0
126.938251945063,37.436769964571,包厩备,2256,0.0,0.0,0
126.93816549264,37.436905348831,包厩备,2256,0.0,0.0,0
126.93814586868,37.436941946279795,包厩备,2256,0.0,0.0,0
126.938015190062,37.43718430144,包厩备,2256,0.0,0.0,0
126.938012541723,37.43718936368371,包厩备,2256,0.0,0.0,0
126.937989214151,37.4372093445229,包厩备,2256,0.0,0.0,0
126.93775213041799,37.4373818230246,包厩备,2256,0.0,0.0,0
126.937746658151,37.4373857574786,包厩备,2256,0.0,0.0,0
126.937751240707,37.4373916705645,包厩备,2256,0.0,0.0,0
126.937741638283,37.437469098030206,包厩备,2256,0.0,0.0,0
126.937742423844,37.4375820037914,包厩备,2256,0.0,0.0,0
126.937744465601,37.4378790582753,包厩备,2256,0.0,0.0,0
126.937725713467,37.437926351085,包厩备,2256,0.0,0.0,0
126.93765583075199,37.4380935584814,包厩备,2256,0.0,0.0,0
126.93757939549101,37.4382855490201,包厩备,2256,0.0,0.0,0
126.937562941995,37.4383269324308,包厩备,2256,0.0,0.0,0
126.937470530618,37.4384237407665,包厩备,2256,0.0,0.0,0
126.93727295972401,37.4386322709816,包厩备,2256,0.0,0.0,0
126.937265398671,37.4387927634296,包厩备,2257,0.0,0.0,0
126.937258051834,37.438927342999705,包厩备,2257,0.0,0.0,0
126.937248840632,37.4391675106746,包厩备,2257,0.0,0.0,0
126.937247389407,37.439212839595,包厩备,2257,0.0,0.0,0
126.93740244199101,37.43937426728179,包厩备,2257,0.0,0.0,0
126.93763917123002,37.4396272362752,包厩备,2257,0.0,0.0,0
126.937693858788,37.4396844257534,包厩备,2257,0.0,0.0,0
126.937714133662,37.4397207563252,包厩备,2257,0.0,0.0,0
126.937758147613,37.43986578827629,包厩备,2257,0.0,0.0,0
126.937843729831,37.440135578126004,包厩备,2257,0.0,0.0,0
126.93786433349199,37.440197533508,包厩备,2257,0.0,0.0,0
126.93774608324101,37.4403540198759,包厩备,2257,0.0,0.0,0
126.937542978677,37.440619986729004,包厩备,2257,0.0,0.0,0
126.93737311978998,37.44084317340021,包厩备,2257,0.0,0.0,0
126.937353851689,37.4408715987458,包厩备,2257,0.0,0.0,0
126.937239154044,37.4409940194163,包厩备,2257,0.0,0.0,0
126.93719444426901,37.4410418566232,包厩备,2257,0.0,0.0,0
126.93694914958,37.44129851006979,包厩备,2257,0.0,0.0,0
126.93684772156,37.4414023588218,包厩备,2257,0.0,0.0,0
126.936812377908,37.441438379784714,包厩备,2257,0.0,0.0,0
126.936772206663,37.441542811598396,包厩备,2257,0.0,0.0,0
126.93673540209998,37.441634865397795,包厩备,2257,0.0,0.0,0
126.93668838628,37.441695945955,包厩备,2257,0.0,0.0,0
126.936650909979,37.441741255085894,包厩备,2257,0.0,0.0,0
126.93664719966101,37.4417457580875,包厩备,2257,0.0,0.0,0
126.936306996455,37.441904932105395,包厩备,2182,0.0,0.0,0
126.93620225782499,37.441954429693,包厩备,2182,0.0,0.0,0
126.936041641005,37.4420934383745,包厩备,2182,0.0,0.0,0
126.935985979716,37.44214155737061,包厩备,2182,0.0,0.0,0
126.935841177854,37.4421563976921,包厩备,2182,0.0,0.0,0
126.93564340618799,37.4421779658856,包厩备,2182,0.0,0.0,0
126.935577637781,37.442282671334404,包厩备,2182,0.0,0.0,0
126.935441135168,37.4424971520126,包厩备,2182,0.0,0.0,0
126.935382294871,37.4425486387116,包厩备,2182,0.0,0.0,0
126.935258778637,37.442656690431,包厩备,2182,0.0,0.0,0
126.935255250233,37.4426597879187,包厩备,2182,0.0,0.0,0
126.935126137596,37.442898482428795,包厩备,2183,0.0,0.0,0
126.935113585207,37.4429215591865,包厩备,2183,0.0,0.0,0
126.935109872994,37.442928035343996,包厩备,2183,0.0,0.0,0
126.93503188277501,37.4430637102408,包厩备,2183,0.0,0.0,0
126.934898274476,37.443209481073,包厩备,2183,0.0,0.0,0
126.93489561640301,37.4432122997278,包厩备,2183,0.0,0.0,0
126.934894056281,37.44321306470479,包厩备,2183,0.0,0.0,0
126.93488820015499,37.4432159536375,包厩备,2183,0.0,0.0,0
126.93474148366998,37.44320826634621,包厩备,2183,0.0,0.0,0
126.934564214687,37.4431966241697,包厩备,2183,0.0,0.0,0
126.934451156571,37.4432582250191,包厩备,2183,0.0,0.0,0
126.934051576833,37.4434725454922,包厩备,2183,0.0,0.0,0
126.93402754090401,37.4434852089437,包厩备,2183,0.0,0.0,0
126.933818707519,37.4436388193839,包厩备,2183,0.0,0.0,0
126.93346886323098,37.4438962525097,包厩备,2183,0.0,0.0,0
126.93340790187099,37.4439412677598,包厩备,2183,0.0,0.0,0
126.933224860687,37.444074619335,包厩备,2183,0.0,0.0,0
126.933218856059,37.444079120901606,包厩备,2183,0.0,0.0,0
126.933002087971,37.4442062627175,包厩备,2183,0.0,0.0,0
126.932651935928,37.4444113176764,包厩备,2183,0.0,0.0,0
126.932215931147,37.444666164999106,包厩备,2183,0.0,0.0,0
126.932136252388,37.4447137004417,包厩备,2183,0.0,0.0,0
126.931839242961,37.4449179462171,包厩备,2183,0.0,0.0,0
126.93174984657401,37.44497617062171,包厩备,2183,0.0,0.0,0
126.93148984202101,37.445074010397796,包厩备,2183,0.0,0.0,0
126.931325925873,37.445135569085394,包厩备,2183,0.0,0.0,0
126.930862763916,37.4453349292637,包厩备,2183,0.0,0.0,0
126.930559997873,37.4454659525358,包厩备,2108,0.0,0.0,0
126.930554345158,37.4454684809719,包厩备,2108,0.0,0.0,0
126.930517723303,37.4455484233461,包厩备,2108,0.0,0.0,0
126.930394211411,37.4458183718541,包厩备,2108,0.0,0.0,0
126.930326615068,37.4459686911894,包厩备,2108,0.0,0.0,0
126.93028531628299,37.446141821805604,包厩备,2108,0.0,0.0,0
126.930281780302,37.446152523635895,包厩备,2108,0.0,0.0,0
126.930240561351,37.4462293636806,包厩备,2108,0.0,0.0,0
126.93016343937599,37.4463779832747,包厩备,2108,0.0,0.0,0
126.93021048009399,37.4464779693551,包厩备,2108,0.0,0.0,0
126.930277979512,37.4466213241926,包厩备,2108,0.0,0.0,0
126.93026593603099,37.4466536991165,包厩备,2108,0.0,0.0,0
126.930278755264,37.4467328242459,包厩备,2108,0.0,0.0,0
126.930289619564,37.4468237784133,包厩备,2108,0.0,0.0,0
126.930324671324,37.447089875821796,包厩备,2109,0.0,0.0,0
126.930364818494,37.4473934221115,包厩备,2109,0.0,0.0,0
126.93036593867501,37.4475232308116,包厩备,2109,0.0,0.0,0
126.930368074664,37.4476901976325,包厩备,2109,0.0,0.0,0
126.930368248552,37.447697513910796,包厩备,2109,0.0,0.0,0
126.930342915104,37.4477774629941,包厩备,2109,0.0,0.0,0
126.930303956423,37.4479010486211,包厩备,2109,0.0,0.0,0
126.93025592757799,37.448079256791395,包厩备,2109,0.0,0.0,0
126.930246003911,37.448116417327796,包厩备,2109,0.0,0.0,0
126.930174254277,37.448365556404795,包厩备,2109,0.0,0.0,0
126.930171422589,37.448372312244395,包厩备,2109,0.0,0.0,0
126.93016629197099,37.4483841303526,包厩备,2109,0.0,0.0,0
126.930055795452,37.44853272966979,包厩备,2109,0.0,0.0,0
126.930047478423,37.4485439872221,包厩备,2109,0.0,0.0,0
126.929909738815,37.44873536772871,包厩备,2109,0.0,0.0,0
126.929786179812,37.4488811477304,包厩备,2109,0.0,0.0,0
126.929607090794,37.449093054727705,包厩备,2109,0.0,0.0,0
126.929436678797,37.449294551104,包厩备,2109,0.0,0.0,0
126.929286416428,37.4494721288144,包厩备,2109,0.0,0.0,0
126.928991896467,37.449633841281795,包厩备,2109,0.0,0.0,0
126.92895541921601,37.4497357497353,包厩备,2109,0.0,0.0,0
126.928910800597,37.4498655212986,包厩备,2109,0.0,0.0,0
126.9287171294,37.44999436319721,包厩备,2109,0.0,0.0,0
126.928416211516,37.450200561959896,包厩备,2109,0.0,0.0,0
126.92839871652599,37.450212660662,包厩备,2109,0.0,0.0,0
126.92840804282301,37.4502447602718,包厩备,2109,0.0,0.0,0
126.92846684752199,37.4504269710694,包厩备,2109,0.0,0.0,0
126.928506462285,37.4505514425165,包厩备,2109,0.0,0.0,0
126.928491019287,37.4506266129291,包厩备,2109,0.0,0.0,0
126.928469024938,37.4507330351923,包厩备,2109,0.0,0.0,0
126.928452527824,37.4508112953969,包厩备,2109,0.0,0.0,0
126.92844862916999,37.4508225555632,包厩备,2109,0.0,0.0,0
126.92842349645599,37.4508788529053,包厩备,2109,0.0,0.0,0
126.92838860393299,37.4509883666329,包厩备,2109,0.0,0.0,0
126.928369343811,37.4510024284301,包厩备,2110,0.0,0.0,0
126.928071563921,37.4510571510812,包厩备,2110,0.0,0.0,0
126.927880817071,37.451091946386214,包厩备,2110,0.0,0.0,0
126.927845347468,37.451086022693794,包厩备,2110,0.0,0.0,0
126.92774540208299,37.4510693367944,包厩备,2110,0.0,0.0,0
126.92732502224199,37.4509986780673,包厩备,2109,0.0,0.0,0
126.927306296142,37.4510096495756,包厩备,2110,0.0,0.0,0
126.92706108552099,37.451296970354704,包厩备,2110,0.0,0.0,0
126.926692820678,37.45173259944811,包厩备,2110,0.0,0.0,0
126.926571091784,37.4519698833296,包厩备,2110,0.0,0.0,0
126.926540510892,37.4520025253994,包厩备,2110,0.0,0.0,0
126.926414356786,37.45224514926579,包厩备,2110,0.0,0.0,0
126.926275437524,37.4525376085045,包厩备,2110,0.0,0.0,0
126.926096791028,37.452650408695504,包厩备,2110,0.0,0.0,0
126.92608814351401,37.452652088058,包厩备,2110,0.0,0.0,0
126.92605617657,37.4526576989397,包厩备,2110,0.0,0.0,0
126.92585983591002,37.4527992025264,包厩备,2110,0.0,0.0,0
126.925700976154,37.4529134113363,包厩备,2110,0.0,0.0,0
126.925676059099,37.4529212791512,包厩备,2110,0.0,0.0,0
126.925666529433,37.452923525550396,包厩备,2110,0.0,0.0,0
126.92565539206801,37.4529285910651,包厩备,2110,0.0,0.0,0
126.925644267714,37.45293196269621,包厩备,2110,0.0,0.0,0
126.92543352810699,37.452994329998496,包厩备,2110,0.0,0.0,0
126.925183011139,37.452929124866706,包厩备,2110,0.0,0.0,0
126.924825866048,37.4528382344715,包厩备,2110,0.0,0.0,0
126.92478578820801,37.4528289190905,包厩备,2110,0.0,0.0,0
126.92459219957199,37.453050386612794,包厩备,2035,6.0,6.0,7
126.924400573346,37.453241716448396,包厩备,2035,6.0,6.0,7
126.924264993962,37.4533762201433,包厩备,2035,6.0,6.0,7
126.924256853754,37.4533900092197,包厩备,2035,6.0,6.0,7
126.924252257386,37.4533976107031,包厩备,2035,6.0,6.0,7
126.924234166938,37.4534708055875,包厩备,2035,6.0,6.0,7
126.924224062808,37.4535150023187,包厩备,2035,6.0,6.0,7
126.924191420413,37.4536602681302,包厩备,2035,6.0,6.0,7
126.92418699499599,37.453666464153706,包厩备,2035,6.0,6.0,7
126.924179207707,37.4536777216291,包厩备,2035,6.0,6.0,7
126.924050551522,37.4537719636558,包厩备,2035,6.0,6.0,7
126.92395105431999,37.4538439698416,包厩备,2035,6.0,6.0,7
126.92383300895,37.4539283706002,包厩备,2035,6.0,6.0,7
126.92382081762501,37.453935958064,包厩备,2035,6.0,6.0,7
126.923642179888,37.454033545546,包厩备,2035,6.0,6.0,7
126.92334656633498,37.4541963783525,包厩备,2035,6.0,6.0,7
126.923322709689,37.45421635588521,包厩备,2035,6.0,6.0,7
126.92331228078,37.45422451209561,包厩备,2035,6.0,6.0,7
126.92322156185699,37.45434186206771,包厩备,2035,6.0,6.0,7
126.923209723838,37.4543573425104,包厩备,2035,6.0,6.0,7
126.923149773803,37.4544372670168,包厩备,2035,6.0,6.0,7
126.92309353570299,37.454512400605296,包厩备,2035,6.0,6.0,7
126.923086459305,37.4545245054238,包厩备,2035,6.0,6.0,7
126.923083979461,37.45452900880571,包厩备,2035,6.0,6.0,7
126.92308009286998,37.454538583915,包厩备,2035,6.0,6.0,7
126.92295880724701,37.4548338619708,包厩备,2035,6.0,6.0,7
126.92282673246001,37.455156442178,包厩备,2036,2.0,2.0,4
126.92280902428699,37.4552082381978,包厩备,2036,2.0,2.0,4
126.92279608843599,37.4552465313221,包厩备,2036,2.0,2.0,4
126.92276329572701,37.455370109395105,包厩备,2036,2.0,2.0,4
126.922750881285,37.45541769222621,包厩备,2036,2.0,2.0,4
126.922741838052,37.4554514648904,包厩备,2036,2.0,2.0,4
126.922674092098,37.4557214420093,包厩备,2036,2.0,2.0,4
126.92258683463498,37.4560806596304,包厩备,2036,2.0,2.0,4
126.922529881133,37.4563292449699,包厩备,2036,2.0,2.0,4
126.92225059073,37.4565751405322,包厩备,2036,2.0,2.0,4
126.92218695987499,37.456627473271496,包厩备,2036,2.0,2.0,4
126.92205096014798,37.45664765452621,包厩备,2036,2.0,2.0,4
126.921318660443,37.4567628849959,包厩备,2036,2.0,2.0,4
126.920885924315,37.456828760388106,包厩备,2036,2.0,2.0,4
126.92088273705099,37.4568287582137,包厩备,2036,2.0,2.0,4
126.920875853317,37.4568293121403,包厩备,2036,2.0,2.0,4
126.920746766289,37.456821340199106,包厩备,2036,2.0,2.0,4
126.92065070234,37.4568156432288,包厩备,2036,2.0,2.0,4
126.920566821739,37.4568105131487,包厩备,2036,2.0,2.0,4
126.920539630095,37.456808809642,包厩备,2036,2.0,2.0,4
126.92027651647899,37.456793420112,包厩备,2036,2.0,2.0,4
126.919676466935,37.4567586598175,包厩备,2036,2.0,2.0,4
126.919659861955,37.4567603331979,包厩备,2036,2.0,2.0,4
126.919635140957,37.4567628569084,包厩备,2036,2.0,2.0,4
126.91942262953,37.4568187429999,包厩备,2036,2.0,2.0,4
126.91913875629,37.456893716340105,包厩备,2036,2.0,2.0,4
126.918883381986,37.456901421863996,包厩备,2036,2.0,2.0,4
126.918316109838,37.456927216109,包厩备,1961,0.0,0.0,0
126.918043322836,37.4570326035415,包厩备,1961,0.0,0.0,0
126.91763425801201,37.4570908792556,包厩备,1961,0.0,0.0,0
126.91748076952899,37.457112736724795,包厩备,1961,0.0,0.0,0
126.917457272116,37.4571225770107,包厩备,1961,0.0,0.0,0
126.91737538981701,37.4572202147249,包厩备,1961,0.0,0.0,0
126.917282893234,37.4573389733846,包厩备,1961,0.0,0.0,0
126.917272996977,37.4573448769242,包厩备,1961,0.0,0.0,0
126.917211162723,37.457373836185496,包厩备,1961,0.0,0.0,0
126.917019687695,37.457464520756105,包厩备,1961,0.0,0.0,0
126.916898935604,37.457521711253904,包厩备,1961,0.0,0.0,0
126.916415908948,37.457385934379,包厩备,1961,0.0,0.0,0
126.91626143122801,37.4573424666862,包厩备,1961,0.0,0.0,0
126.91579725817101,37.457405759920796,包厩备,1961,0.0,0.0,0
126.915600135608,37.4574323676277,包厩备,1961,0.0,0.0,0
126.914967692115,37.457317586669795,包厩备,1961,0.0,0.0,0
126.91494914872601,37.457314194320396,包厩备,1961,0.0,0.0,0
126.914748265885,37.4573866950483,包厩备,1961,0.0,0.0,0
126.91456681972299,37.4574521638755,包厩备,1961,0.0,0.0,0
126.9142578453,37.45769464888679,包厩备,1961,0.0,0.0,0
126.914026447981,37.457889878763,包厩备,1961,0.0,0.0,0
126.914020787604,37.4581984687545,包厩备,1961,0.0,0.0,0
126.914016602325,37.4584535671641,包厩备,1961,0.0,0.0,0
126.914060052979,37.45860592320221,包厩备,1961,0.0,0.0,0
126.91423696879801,37.458940272704396,包厩备,1961,0.0,0.0,0
126.914113197614,37.4592180781321,包厩备,1962,25.0,25.5,15
126.913999526443,37.459469996021106,包厩备,1962,25.0,25.5,15
126.914146312872,37.4597539210962,包厩备,1962,25.0,25.5,15
126.914245869156,37.459947431337106,包厩备,1962,25.0,25.5,15
126.91420213889799,37.460335957267,包厩备,1962,25.0,25.5,15
126.914166918799,37.460715200088394,包厩备,1962,25.0,25.5,15
126.914184824959,37.4609562230104,包厩备,1962,25.0,25.5,15
126.91419415926501,37.4609773494521,包厩备,1962,25.0,25.5,15
126.914300726072,37.4612187351522,包厩备,1962,25.0,25.5,15
126.914379645275,37.461392795337204,包厩备,1962,25.0,25.5,15
126.914381725816,37.461431089558,包厩备,1962,25.0,25.5,15
126.91438914963,37.461579202131404,包厩备,1962,25.0,25.5,15
126.914289791903,37.461660210224,包厩备,1962,25.0,25.5,15
126.91415226815599,37.46176626497579,包厩备,1962,25.0,25.5,15
126.913945607814,37.4619358882721,包厩备,1962,25.0,25.5,15
126.91387395394199,37.4622002258561,包厩备,1962,25.0,25.5,15
126.913808143075,37.46244542138111,包厩备,1962,25.0,25.5,15
126.913753344507,37.4626393759183,包厩备,1962,25.0,25.5,15
126.913712194496,37.4627897049323,包厩备,1962,25.0,25.5,15
126.91354834553101,37.46289319856621,包厩备,1962,25.0,25.5,15
126.91334845675699,37.463019748815604,包厩备,1962,25.0,25.5,15
126.913301798286,37.4630473117544,包厩备,1962,25.0,25.5,15
126.913287303221,37.4630605366848,包厩备,1962,25.0,25.5,15
126.91312912319799,37.463301995713,包厩备,1963,4.0,4.0,2
126.91295855866998,37.46355837487671,包厩备,1963,4.0,4.0,2
126.91291752098302,37.46376500741521,包厩备,1963,4.0,4.0,2
126.91289367288401,37.4639164753389,包厩备,1888,5.0,5.5,9
126.912892411238,37.463941531314,包厩备,1888,5.0,5.5,9
126.912903461707,37.464002636680895,包厩备,1963,4.0,4.0,2
126.91290345339199,37.4640096825259,包厩备,1963,4.0,4.0,2
126.9129067866,37.464029948604704,包厩备,1963,4.0,4.0,2
126.912922052956,37.464110491785604,包厩备,1963,4.0,4.0,2
126.912933637064,37.464169624349296,包厩备,1963,4.0,4.0,2
126.912936278093,37.4641825827659,包厩备,1963,4.0,4.0,2
126.912953533882,37.464224825753796,包厩备,1963,4.0,4.0,2
126.913095825877,37.4644231531661,包厩备,1963,4.0,4.0,2
126.913239014577,37.46461894924961,包厩备,1963,4.0,4.0,2
126.913290661875,37.46470430387561,包厩备,1963,4.0,4.0,2
126.913533386805,37.4651158471476,包厩备,1963,4.0,4.0,2
126.913687094375,37.465375847016894,包厩备,1963,4.0,4.0,2
126.91368744083599,37.46537922603861,包厩备,1963,4.0,4.0,2
126.91369215597099,37.465426252929895,包厩备,1963,4.0,4.0,2
126.91354537712799,37.46542698169471,包厩备,1963,4.0,4.0,2
126.913066812615,37.4656682106259,包厩备,1963,4.0,4.0,2
126.91255169380301,37.465743003720895,包厩备,1888,5.0,5.5,9
126.912378984469,37.4658763302491,包厩备,1888,5.0,5.5,9
126.912379772678,37.466250247365714,包厩备,1888,5.0,5.5,9
126.911637662136,37.466802955562,包厩备,1888,5.0,5.5,9
126.91161530739299,37.467025936932295,包厩备,1888,5.0,5.5,9
126.911612370156,37.4671188551896,包厩备,1888,5.0,5.5,9
126.911262527766,37.4675212289575,包厩备,1889,9.0,9.0,9
126.91109095668699,37.4677272023334,包厩备,1889,9.0,9.0,9
126.911084489441,37.4678127927074,包厩备,1889,9.0,9.0,9
126.911079820658,37.4678786705021,包厩备,1889,9.0,9.0,9
126.91107164558399,37.4679180831435,包厩备,1889,9.0,9.0,9
126.91105458946899,37.4680011335891,包厩备,1889,9.0,9.0,9
126.911051928724,37.46801407897061,包厩备,1889,9.0,9.0,9
126.91105068877899,37.4680205562356,包厩备,1889,9.0,9.0,9
126.91104410743401,37.4680506807495,包厩备,1889,9.0,9.0,9
126.911043218596,37.468056590651,包厩备,1889,9.0,9.0,9
126.91104001365801,37.4680802395353,包厩备,1889,9.0,9.0,9
126.910999192914,37.468100480851,包厩备,1889,9.0,9.0,9
126.910667061408,37.4683023841052,包厩备,1889,9.0,9.0,9
126.910465036381,37.4684221791931,包厩备,1889,9.0,9.0,9
126.90995628591,37.468763320417,包厩备,1889,9.0,9.0,9
126.909968793371,37.468786981441795,包厩备,1889,9.0,9.0,9
126.909968789592,37.46879008089,包厩备,1889,9.0,9.0,9
126.910044951613,37.468915154063396,包厩备,1889,9.0,9.0,9
126.91017327998199,37.469126142132296,包厩备,1889,9.0,9.0,9
126.910242200085,37.4692391091014,包厩备,1889,9.0,9.0,9
126.910037919105,37.469612020503995,包厩备,1889,9.0,9.0,9
126.909940732927,37.4697907402863,包厩备,1889,9.0,9.0,9
126.90980970076201,37.469904948933795,包厩备,1889,9.0,9.0,9
126.909806674508,37.4699300034804,包厩备,1889,9.0,9.0,9
126.90980537731899,37.4699832247239,包厩备,1889,9.0,9.0,9
126.90980499529499,37.469999829913604,包厩备,1889,9.0,9.0,9
126.90980340615,37.4700051806384,包厩备,1889,9.0,9.0,9
126.909786199629,37.4700617592845,包厩备,1889,9.0,9.0,9
126.90971433956699,37.4701805277619,包厩备,1889,9.0,9.0,9
126.90955433917601,37.4704467578649,包厩备,1889,9.0,9.0,9
126.909555211262,37.470454642319496,包厩备,1889,9.0,9.0,9
126.90955449210101,37.47046957137921,包厩备,1889,9.0,9.0,9
126.909571575868,37.4705042102165,包厩备,1889,9.0,9.0,9
126.909603181432,37.4706624779518,包厩备,1889,9.0,9.0,9
126.909591657512,37.470694004091,包厩备,1889,9.0,9.0,9
126.909588824848,37.4706993538449,包厩备,1889,9.0,9.0,9
126.909575032945,37.4707182011068,包厩备,1889,9.0,9.0,9
126.909460382796,37.4708752287404,包厩备,1889,9.0,9.0,9
126.909247167286,37.4711709788323,包厩备,1889,9.0,9.0,9
126.909079246865,37.471412154182296,包厩备,1889,9.0,9.0,9
126.908965861036,37.4715505946175,包厩备,1890,13.0,14.0,24
126.908777815812,37.4717832933435,包厩备,1890,13.0,14.0,24
126.90876860603399,37.471798774353,包厩备,1890,13.0,14.0,24
126.908753020105,37.4718328290337,包厩备,1890,13.0,14.0,24
126.908699524991,37.4719530168353,包厩备,1890,13.0,14.0,24
126.908614504019,37.4721438544828,包厩备,1890,13.0,14.0,24
126.90860689335,37.4721551110332,包厩备,1890,13.0,14.0,24
126.908584786774,37.4721781773397,包厩备,1890,13.0,14.0,24
126.908560028957,37.4722060348909,包厩备,1890,13.0,14.0,24
126.90845377747299,37.47227803147889,包厩备,1890,13.0,14.0,24
126.90840478761801,37.4723289535999,包厩备,1890,13.0,14.0,24
126.908366054417,37.4723680626305,包厩备,1890,13.0,14.0,24
126.908294351189,37.4725025978652,包厩备,1890,13.0,14.0,24
126.908233979743,37.472615166544706,包厩备,1890,13.0,14.0,24
126.90820547054199,37.47266864557261,包厩备,1890,13.0,14.0,24
126.908199981902,37.4726824355887,包厩备,1890,13.0,14.0,24
126.908199976996,37.472686381976295,包厩备,1890,13.0,14.0,24
126.908194271768,37.4727288957845,包厩备,1890,13.0,14.0,24
126.908561214444,37.472955841210606,包厩备,1890,13.0,14.0,24
126.90892053254998,37.4730695955741,包厩备,1890,13.0,14.0,24
126.90931817634599,37.473191541835,包厩备,1890,13.0,14.0,24
126.90959511813,37.4732131473844,包厩备,1890,13.0,14.0,24
126.90994403249701,37.473304086165,包厩备,1890,13.0,14.0,24
126.90994951018601,37.4733083161115,包厩备,1890,13.0,14.0,24
126.909963785052,37.47332943766129,包厩备,1890,13.0,14.0,24
126.910021445689,37.4734173300663,包厩备,1890,13.0,14.0,24
126.91002972868999,37.4734294459531,包厩备,1890,13.0,14.0,24
126.910197644795,37.473490393503,包厩备,1890,13.0,14.0,24
126.910537884638,37.473604686818106,包厩备,1890,13.0,14.0,24
126.910550128148,37.473604425942895,包厩备,1890,13.0,14.0,24
126.910600944949,37.4736033297871,包厩备,1890,13.0,14.0,24
126.910750036739,37.47360091258121,包厩备,1890,13.0,14.0,24
126.91103142764601,37.4738908547389,包厩备,1890,13.0,14.0,24
126.911078048927,37.4741913206799,包厩备,1890,13.0,14.0,24
126.911361379844,37.474478452382,包厩备,1890,13.0,14.0,24
126.911360645461,37.4745063198248,包厩备,1890,13.0,14.0,24
126.911353724852,37.4745361647529,包厩备,1890,13.0,14.0,24
126.911330815536,37.4746346898981,包厩备,1890,13.0,14.0,24
126.911321758729,37.4746735432166,包厩备,1890,13.0,14.0,24
126.91131465822599,37.474702541062,包厩备,1890,13.0,14.0,24
126.91130152631,37.4747551856134,包厩备,1890,13.0,14.0,24
126.911301520906,37.4747596816109,包厩备,1890,13.0,14.0,24
126.911301309899,37.4747847473344,包厩备,1890,13.0,14.0,24
126.911302009263,37.474795442765895,包厩备,1890,13.0,14.0,24
126.91132554469,37.4749097799044,包厩备,1890,13.0,14.0,24
126.911316318821,37.4749387671165,包厩备,1890,13.0,14.0,24
126.91118987881799,37.475205033838,包厩备,1890,13.0,14.0,24
126.91118528114299,37.4752115085297,包厩备,1890,13.0,14.0,24
126.911183147984,37.4752179851052,包厩备,1890,13.0,14.0,24
126.91118561771201,37.475223050625786,包厩备,1890,13.0,14.0,24
126.911282691672,37.475432607811705,包厩备,1890,13.0,14.0,24
126.911357388712,37.4757494211594,包厩备,1891,52.0,54.0,46
126.911364405418,37.4757902599311,包厩备,1891,52.0,54.0,46
126.911371937418,37.475985666013706,包厩备,1891,52.0,54.0,46
126.911375469529,37.4759910206609,包厩备,1891,52.0,54.0,46
126.911618517036,37.47629642027921,包厩备,1891,52.0,54.0,46
126.911661811746,37.476432441452495,包厩备,1891,52.0,54.0,46
126.91179661332701,37.4768605288571,包厩备,1891,52.0,54.0,46
126.91179354598499,37.47706212572321,包厩备,1891,52.0,54.0,46
126.9118027894,37.4771603960158,包厩备,1891,52.0,54.0,46
126.911804992815,37.4773788906596,包厩备,1891,52.0,54.0,46
126.911823384741,37.4778063128891,包厩备,1891,52.0,54.0,46
126.91172532448401,37.4778220059487,包厩备,1891,52.0,54.0,46
126.910661930066,37.4779501535095,包厩备,1891,52.0,54.0,46
126.910606696516,37.478039084958894,包厩备,1891,52.0,54.0,46
126.91053116559799,37.4781311002002,包厩备,1891,52.0,54.0,46
126.910495070891,37.4781744286089,包厩备,1891,52.0,54.0,46
126.910451050681,37.4783484051662,包厩备,1891,52.0,54.0,46
126.91042861218399,37.478355145384796,包厩备,1891,52.0,54.0,46
126.909834374847,37.4782006685775,包厩备,1891,52.0,54.0,46
126.90947722953501,37.478017938071496,包厩备,1891,52.0,54.0,46
126.90946255347099,37.4780283422203,包厩备,1891,52.0,54.0,46
126.909460970695,37.478028340987294,包厩备,1891,52.0,54.0,46
126.909167457992,37.4783941439375,包厩备,1891,52.0,54.0,46
126.90870055620199,37.4789814024196,包厩备,1891,52.0,54.0,46
126.908622530563,37.4790767932209,包厩备,1891,52.0,54.0,46
126.908637168277,37.479097635885296,包厩备,1891,52.0,54.0,46
126.908688320247,37.4791576467495,包厩备,1891,52.0,54.0,46
126.908701015139,37.479177091326896,包厩备,1891,52.0,54.0,46
126.908738019051,37.47925003844821,包厩备,1891,52.0,54.0,46
126.90873624004101,37.479262425823606,包厩备,1891,52.0,54.0,46
126.90872879771601,37.4792832601471,包厩备,1891,52.0,54.0,46
126.908719540012,37.4793367453426,包厩备,1891,52.0,54.0,46
126.908697939386,37.4793786790116,包厩备,1891,52.0,54.0,46
126.908696522334,37.479381777343995,包厩备,1891,52.0,54.0,46
126.90869687037201,37.4793837508109,包厩备,1891,52.0,54.0,46
126.908697386765,37.479395860678004,包厩备,1891,52.0,54.0,46
126.90876810402399,37.4794967112536,包厩备,1891,52.0,54.0,46
126.908811659234,37.4795564367871,包厩备,1891,52.0,54.0,46
126.908824201166,37.47955334718071,包厩备,1891,52.0,54.0,46
126.909092100977,37.47962845728871,包厩备,1891,52.0,54.0,46
126.90909526819401,37.4796363435296,包厩备,1891,52.0,54.0,46
126.90909915183599,37.4796408515749,包厩备,1891,52.0,54.0,46
126.90903206736999,37.479885195756005,包厩备,1892,195.0,195.0,109
126.908996757545,37.480014966392005,包厩备,1892,195.0,195.0,109
126.90898344738301,37.4800633848001,包厩备,1892,195.0,195.0,109
126.90897688169301,37.4800884455198,包厩备,1892,195.0,195.0,109
126.909353251125,37.4801551795246,包厩备,1892,195.0,195.0,109
126.909862973917,37.480240612512105,包厩备,1892,195.0,195.0,109
126.90992178568399,37.4802510736921,包厩备,1892,195.0,195.0,109
126.909934671637,37.48025333618371,包厩备,1892,195.0,195.0,109
126.90992296509701,37.4802944398069,包厩备,1892,195.0,195.0,109
126.90991249880501,37.4803290571797,包厩备,1892,195.0,195.0,109
126.90987417740699,37.480463339751395,包厩备,1892,195.0,195.0,109
126.909840116244,37.4805807228261,包厩备,1892,195.0,195.0,109
126.909798426754,37.4807231568167,包厩备,1892,195.0,195.0,109
126.909790274711,37.480751270742296,包厩备,1892,195.0,195.0,109
126.90978601702601,37.4807659537598,包厩备,1892,195.0,195.0,109
126.909750863081,37.4807597275747,包厩备,1892,195.0,195.0,109
126.909723316673,37.4807546335409,包厩备,1892,195.0,195.0,109
126.909648431257,37.480741069332296,包厩备,1892,195.0,195.0,109
126.909506257099,37.4807147665995,包厩备,1892,195.0,195.0,109
126.909359482551,37.4806876221764,包厩备,1892,195.0,195.0,109
126.909286722796,37.4806740503863,包厩备,1892,195.0,195.0,109
126.909213951408,37.4806607668628,包厩备,1892,195.0,195.0,109
126.90913359585699,37.4806457744724,包厩备,1892,195.0,195.0,109
126.909081136784,37.4806361648118,包厩备,1892,195.0,195.0,109
126.9089154745,37.4806056263048,包厩备,1892,195.0,195.0,109
126.908660266305,37.480559249706396,包厩备,1892,195.0,195.0,109
126.90842254519501,37.480515697459396,包厩备,1892,195.0,195.0,109
126.908127775681,37.4804622517145,包厩备,1892,195.0,195.0,109
126.907902228477,37.4804212488653,包厩备,1892,195.0,195.0,109
126.907736397213,37.4803909878813,包厩备,1892,195.0,195.0,109
126.90752710514299,37.4803525290297,包厩备,1892,195.0,195.0,109
126.907317463155,37.4803137902179,包厩备,1892,195.0,195.0,109
126.907057137164,37.4802659915035,包厩备,1892,195.0,195.0,109
126.906928212106,37.4802422370824,包厩备,1817,296.0,296.0,163
126.906812873934,37.480220754924396,包厩备,1817,296.0,296.0,163
126.90661542993999,37.4801834302045,包厩备,1817,296.0,296.0,163
126.90646830594,37.4801571198397,包厩备,1817,296.0,296.0,163
126.90638193782499,37.4801412828095,包厩备,1817,296.0,296.0,163
126.906176184086,37.4801042389853,包厩备,1817,296.0,296.0,163
126.90606669005899,37.4800838690457,包厩备,1817,296.0,296.0,163
126.90590631992,37.480054465855105,包厩备,1817,296.0,296.0,163
126.905516540196,37.47998290764001,包厩备,1817,296.0,296.0,163
126.905288823915,37.479986948112604,包厩备,1817,296.0,296.0,163
126.905255120107,37.480102365979,包厩备,1817,296.0,296.0,163
126.90523884892599,37.4801127682994,包厩备,1817,296.0,296.0,163
126.90383424963998,37.4798548300829,包厩备,1817,296.0,296.0,163
126.90355891703,37.479804200128896,包厩备,1817,296.0,296.0,163
126.902972568665,37.47969671866221,包厩备,1816,142.0,142.0,78
126.900884516341,37.4793131594596,包厩备,1741,151.0,151.5,89
126.89903774365801,37.4789582084554,包厩备,1741,151.0,151.5,89
126.898943795471,37.478940106909,包厩备,1741,151.0,151.5,89
126.89895291526,37.4789843269731,包厩备,1741,151.0,151.5,89
126.898956599293,37.4790020618819,包厩备,1741,151.0,151.5,89
126.89895922827499,37.4790141736249,包厩备,1741,151.0,151.5,89
126.898962396472,37.4790288176503,包厩备,1741,151.0,151.5,89
126.89896573348,37.4790440294531,包厩备,1741,151.0,151.5,89
126.89896870910101,37.4790589526216,包厩备,1741,151.0,151.5,89
126.89897186561501,37.479073875947,包厩备,1741,151.0,151.5,89
126.89898750721399,37.479135833377796,包厩备,1741,151.0,151.5,89
126.89899049683201,37.47914879237421,包厩备,1741,151.0,151.5,89
126.89901017875601,37.4792242683301,包厩备,1741,151.0,151.5,89
126.89901404831998,37.47923862464149,包厩备,1741,151.0,151.5,89
126.899024239391,37.4792766467366,包厩备,1741,151.0,151.5,89
126.899039530439,37.4793304407805,包厩备,1741,151.0,151.5,89
126.899046913171,37.479355224725104,包厩备,1741,151.0,151.5,89
126.89905447987499,37.4793777563247,包厩备,1741,151.0,151.5,89
126.89907084101101,37.4794261993425,包厩备,1741,151.0,151.5,89
126.899084563926,37.479469288121706,包厩备,1741,151.0,151.5,89
126.899087378831,37.479477741956,包厩备,1741,151.0,151.5,89
126.899098457599,37.4795115301056,包厩备,1741,151.0,151.5,89
126.899101814028,37.4795208313503,包厩备,1741,151.0,151.5,89
126.899107962005,37.4795391360192,包厩备,1741,151.0,151.5,89
126.89911781575199,37.479567580166105,包厩备,1741,151.0,151.5,89
126.899123977341,37.479584199973104,包厩备,1741,151.0,151.5,89
126.89913136627199,37.4796044789092,包厩备,1741,151.0,151.5,89
126.89913770799801,37.4796216574924,包厩备,1741,151.0,151.5,89
126.899145807664,37.4796430632951,包厩备,1741,151.0,151.5,89
126.89916129704399,37.479684189411,包厩备,1741,151.0,151.5,89
126.899184348451,37.4797430537827,包厩备,1742,456.0,456.0,241
126.89921516963699,37.479816566150106,包厩备,1742,456.0,456.0,241
126.89922609042,37.4798419207754,包厩备,1742,456.0,456.0,241
126.899248282121,37.47989290062621,包厩备,1742,456.0,456.0,241
126.89927222510201,37.47994472892921,包厩备,1742,456.0,456.0,241
126.899277343366,37.479955437254894,包厩备,1742,456.0,456.0,241
126.89928420867201,37.4799700844682,包厩备,1742,456.0,456.0,241
126.89929689206998,37.47999627854271,包厩备,1742,456.0,456.0,241
126.899311153694,37.4800258527361,包厩备,1742,456.0,456.0,241
126.899318909867,37.4800421946005,包厩备,1742,456.0,456.0,241
126.899326666817,37.480057968834,包厩备,1742,456.0,456.0,241
126.899339350638,37.4800838745835,包厩备,1742,456.0,456.0,241
126.89935273387199,37.480110925208,包厩备,1742,456.0,456.0,241
126.89936435878599,37.4801340189145,包厩备,1742,456.0,456.0,241
126.899388151685,37.480179936493,包厩备,1742,456.0,456.0,241
126.899405416915,37.4802123243945,包厩备,1742,456.0,456.0,241
126.899419163909,37.4802379607531,包厩备,1742,456.0,456.0,241
126.899450880968,37.480293174489,包厩备,1742,456.0,456.0,241
126.899455291226,37.4803007827501,包厩备,1742,456.0,456.0,241
126.899462160433,37.48031260982121,包厩备,1742,456.0,456.0,241
126.899476091042,37.4803362731383,包厩备,1742,456.0,456.0,241
126.899486840661,37.4803545907688,包厩备,1742,456.0,456.0,241
126.89950480923001,37.4803852943896,包厩备,1742,456.0,456.0,241
126.89952508000499,37.4804190994395,包厩备,1742,456.0,456.0,241
126.899549232757,37.4804582597837,包厩备,1742,456.0,456.0,241
126.899577785661,37.4805041814291,包厩备,1742,456.0,456.0,241
126.899600879542,37.480540520714605,包厩备,1742,456.0,456.0,241
126.899609341008,37.48055376372221,包厩备,1742,456.0,456.0,241
126.89961974327801,37.480569819527,包厩备,1742,456.0,456.0,241
126.89964054821199,37.4806016518237,包厩备,1742,456.0,456.0,241
126.899656580305,37.4806264431819,包厩备,1742,456.0,456.0,241
126.899685319968,37.4806681392648,包厩备,1742,456.0,456.0,241
126.89971019013299,37.4807036331174,包厩备,1742,456.0,456.0,241
126.89973239783701,37.4807349079851,包厩备,1742,456.0,456.0,241
126.89976113986799,37.4807749191784,包厩备,1742,456.0,456.0,241
126.89980433930599,37.4808338007674,包厩备,1742,456.0,456.0,241
126.899839788003,37.4808805752236,包厩备,1742,456.0,456.0,241
126.899867303531,37.4809163506286,包厩备,1742,456.0,456.0,241
126.899888985315,37.4809436876377,包厩备,1742,456.0,456.0,241
126.899924086315,37.480988479565895,包厩备,1742,456.0,456.0,241
126.899961994916,37.48103891416429,包厩备,1742,456.0,456.0,241
126.900065326466,37.481176684931505,包厩备,1742,456.0,456.0,241
126.90013251970801,37.481259247287795,包厩备,1742,456.0,456.0,241
126.900262326663,37.481416745488,包厩备,1742,456.0,456.0,241
126.900314531328,37.4814804279275,包厩备,1742,456.0,456.0,241
126.900367796581,37.48154579612329,包厩备,1742,456.0,456.0,241
126.900483313367,37.4816866763883,包厩备,1742,456.0,456.0,241
126.900526883644,37.4817396474541,包厩备,1742,456.0,456.0,241
126.90059495978599,37.48182220128471,包厩备,1742,456.0,456.0,241
126.900628292226,37.481862774801606,包厩备,1742,456.0,456.0,241
126.90067873717,37.4819239147499,包厩备,1742,456.0,456.0,241
126.90071983583,37.481973793199394,包厩备,1742,456.0,456.0,241
126.90076868826799,37.4820338054983,包厩备,1742,456.0,456.0,241
126.90081436903999,37.482089877698606,包厩备,1742,456.0,456.0,241
126.90082582627501,37.4821036817896,包厩备,1742,456.0,456.0,241
126.900848051084,37.4821312893807,包厩备,1742,456.0,456.0,241
126.900858988998,37.4821445344053,包厩备,1742,456.0,456.0,241
126.900875920301,37.482165379973104,包厩备,1742,456.0,456.0,241
126.90091471617201,37.4822127155684,包厩备,1742,456.0,456.0,241
126.90093729115,37.4822406117607,包厩备,1742,456.0,456.0,241
126.90097573735599,37.4822873884172,包厩备,1742,456.0,456.0,241
126.90103906098601,37.4823651536251,包厩备,1742,456.0,456.0,241
126.90109249708999,37.482430521630505,包厩备,1742,456.0,456.0,241
126.90114770535,37.482498143619,包厩备,1817,296.0,296.0,163
126.901195497951,37.4825564609543,包厩备,1817,296.0,296.0,163
126.901234124632,37.4826037962982,包厩备,1817,296.0,296.0,163
126.90140186135599,37.4828092045926,包厩备,1817,296.0,296.0,163
126.901557239624,37.4829988256606,包厩备,1817,296.0,296.0,163
126.90168352574699,37.4831557606574,包厩备,1817,296.0,296.0,163
126.90187683231301,37.4833924365733,包厩备,1817,296.0,296.0,163
126.902072431185,37.4836322135365,包厩备,1817,296.0,296.0,163
126.902125691172,37.4836953284112,包厩备,1817,296.0,296.0,163
126.902153744314,37.4837280132871,包厩备,1817,296.0,296.0,163
126.90217755148501,37.483756757212795,包厩备,1817,296.0,296.0,163
126.902222004568,37.4838108546297,包厩备,1818,145.0,146.5,90
126.90227809527201,37.483879603068,包厩备,1818,145.0,146.5,90
126.902303313625,37.4839100240145,包厩备,1818,145.0,146.5,90
126.902339819437,37.4839548253937,包厩备,1818,145.0,146.5,90
126.902367690378,37.4839886363157,包厩备,1818,145.0,146.5,90
126.902409490434,37.484039920311204,包厩备,1818,145.0,146.5,90
126.902454474518,37.484094576704,包厩备,1818,145.0,146.5,90
126.902498566562,37.484148394401004,包厩备,1818,145.0,146.5,90
126.90254795287301,37.484208685701496,包厩备,1818,145.0,146.5,90
126.90258075639,37.484248978899004,包厩备,1818,145.0,146.5,90
126.90261568259399,37.484291526366,包厩备,1818,145.0,146.5,90
126.90266895221201,37.48435661418901,包厩备,1818,145.0,146.5,90
126.902707220054,37.484403101797106,包厩备,1818,145.0,146.5,90
126.902765072864,37.4844738246631,包厩备,1818,145.0,146.5,90
126.902820634267,37.4845417254536,包厩备,1818,145.0,146.5,90
126.90284674441799,37.4845735615971,包厩备,1818,145.0,146.5,90
126.902876376675,37.484609626368396,包厩备,1818,145.0,146.5,90
126.90289435911,37.4846316077774,包厩备,1818,145.0,146.5,90
126.902938632323,37.4846857047671,包厩备,1818,145.0,146.5,90
126.90296032911101,37.4847119059479,包厩备,1818,145.0,146.5,90
126.90300249141701,37.48476346934021,包厩备,1818,145.0,146.5,90
126.903030170744,37.484797279941894,包厩备,1818,145.0,146.5,90
126.90304182064502,37.484811363283,包厩备,1818,145.0,146.5,90
126.903080980314,37.484859266081,包厩备,1818,145.0,146.5,90
126.903115726557,37.4849015249259,包厩备,1818,145.0,146.5,90
126.903177282792,37.4849767556722,包厩备,1818,145.0,146.5,90
126.903197568264,37.4850015500726,包厩备,1818,145.0,146.5,90
126.903198618302,37.4850026771972,包厩备,1818,145.0,146.5,90
126.903552148239,37.484989176517296,包厩备,1818,145.0,146.5,90
126.90552772431101,37.4849128073306,包厩备,1818,145.0,146.5,90
126.905745891407,37.484916642426704,包厩备,1818,145.0,146.5,90
126.90581355052299,37.4849251396241,包厩备,1818,145.0,146.5,90
126.90609793413,37.484960571719796,包厩备,1818,145.0,146.5,90
126.906599480872,37.48510569441621,包厩备,1818,145.0,146.5,90
126.908074113084,37.4855323133133,包厩备,1893,80.0,80.5,54
126.908422731427,37.485633104129796,包厩备,1893,80.0,80.5,54
126.909393187864,37.4858982543736,包厩备,1893,80.0,80.5,54
126.90988944673,37.4859025776236,包厩备,1893,80.0,80.5,54
126.910083903909,37.48594581410861,包厩备,1893,80.0,80.5,54
126.91016691899799,37.4859636100105,包厩备,1893,80.0,80.5,54
126.910216723468,37.4859743523921,包厩备,1893,80.0,80.5,54
126.91033029321501,37.485998370668995,包厩备,1893,80.0,80.5,54
126.910402705415,37.4860139147305,包厩备,1893,80.0,80.5,54
126.91048572099301,37.486031431098496,包厩备,1893,80.0,80.5,54
126.910559365355,37.4860472553234,包厩备,1893,80.0,80.5,54
126.910613951679,37.4860588391491,包厩备,1893,80.0,80.5,54
126.910752045143,37.4861023104675,包厩备,1893,80.0,80.5,54
126.910836813867,37.4861288379411,包厩备,1893,80.0,80.5,54
126.910893676773,37.4861466222685,包厩备,1893,80.0,80.5,54
126.911047854331,37.4861948898888,包厩备,1893,80.0,80.5,54
126.911248123531,37.4862578337885,包厩备,1893,80.0,80.5,54
126.911264726423,37.48626347772501,包厩备,1893,80.0,80.5,54
126.91127584756399,37.4862674235916,包厩备,1893,80.0,80.5,54
126.91133235542601,37.486289153818895,包厩备,1893,80.0,80.5,54
126.911412698201,37.486320182503206,包厩备,1893,80.0,80.5,54
126.91156014975401,37.486377166009795,包厩备,1893,80.0,80.5,54
126.911648449332,37.486411020722706,包厩备,1893,80.0,80.5,54
126.911743801734,37.486447142239705,包厩备,1893,80.0,80.5,54
126.91192321771099,37.486514006519705,包厩备,1893,80.0,80.5,54
126.911953755854,37.4865343021834,包厩备,1893,80.0,80.5,54
126.912062678028,37.4866073026686,包厩备,1893,80.0,80.5,54
126.912150767339,37.48666622267979,包厩备,1893,80.0,80.5,54
126.91221732335899,37.4867104760845,包厩备,1893,80.0,80.5,54
126.91227310108299,37.486747684497104,包厩备,1893,80.0,80.5,54
126.91231070018401,37.4867730490236,包厩备,1893,80.0,80.5,54
126.91231246237301,37.4867744649248,包厩备,1893,80.0,80.5,54
126.912342103404,37.486807707187,包厩备,1893,80.0,80.5,54
126.91236521778099,37.4868336283934,包厩备,1893,80.0,80.5,54
126.91237722092899,37.486847152456605,包厩备,1893,80.0,80.5,54
126.912417442513,37.4868922328175,包厩备,1893,80.0,80.5,54
126.912448144804,37.4869268904235,包厩备,1893,80.0,80.5,54
126.912449206314,37.4869280174743,包厩备,1893,80.0,80.5,54
126.912451318702,37.4869297039375,包厩备,1893,80.0,80.5,54
126.91247726621799,37.4869502843243,包厩备,1893,80.0,80.5,54
126.912501270984,37.486969160351,包厩备,1893,80.0,80.5,54
126.912529513827,37.4869897424554,包厩备,1893,80.0,80.5,54
126.91261954041401,37.4870556913763,包厩备,1893,80.0,80.5,54
126.912989519631,37.487328801099,包厩备,1968,275.0,276.0,151
126.91306594572201,37.4873843329309,包厩备,1968,275.0,276.0,151
126.91307865044399,37.4873975781368,包厩备,1968,275.0,276.0,151
126.913190162159,37.4875299914763,包厩备,1968,275.0,276.0,151
126.91323408136101,37.4875852105727,包厩备,1968,275.0,276.0,151
126.913260195,37.4876187382849,包厩备,1968,275.0,276.0,151
126.913316995401,37.4876911400373,包厩备,1968,275.0,276.0,151
126.91344559976801,37.4878562271496,包厩备,1968,275.0,276.0,151
126.913566604615,37.4880131544083,包厩备,1969,22.0,22.5,17
126.913734694193,37.4881011269379,包厩备,1969,22.0,22.5,17
126.914217425426,37.4883551702316,包厩备,1969,22.0,22.5,17
126.914488632876,37.4884958722832,包厩备,1969,22.0,22.5,17
126.91483135228701,37.4886718192654,包厩备,1969,22.0,22.5,17
126.91486172737,37.4886878883604,包厩备,1969,22.0,22.5,17
126.915000694131,37.4887550065934,包厩备,1969,22.0,22.5,17
126.915287625377,37.4888923305548,包厩备,1969,22.0,22.5,17
126.915557786156,37.4890223345058,包厩备,1969,22.0,22.5,17
126.915663382336,37.4890733718509,包厩备,1969,22.0,22.5,17
126.91587563736,37.489176014657396,包厩备,1969,22.0,22.5,17
126.916142442576,37.489305447203996,包厩备,1969,22.0,22.5,17
126.91648517946501,37.4894726586904,包厩备,1969,22.0,22.5,17
126.91665275194299,37.489553869177705,包厩备,1969,22.0,22.5,17
126.91714037490101,37.4897082353636,包厩备,1969,22.0,22.5,17
126.917276194494,37.4897519677116,包厩备,1969,22.0,22.5,17
126.917334125191,37.4897691910721,包厩备,1969,22.0,22.5,17
126.91742879429701,37.4897957208568,包厩备,1969,22.0,22.5,17
126.91766070067601,37.4898626137386,包厩备,1969,22.0,22.5,17
126.91784862630699,37.48991540140779,包厩备,1969,22.0,22.5,17
126.918004934965,37.4899597150544,包厩备,1969,22.0,22.5,17
126.91808547474301,37.4899822969545,包厩备,1969,22.0,22.5,17
126.918152067246,37.4899995170195,包厩备,1969,22.0,22.5,17
126.91816548531601,37.4900029052362,包厩备,1969,22.0,22.5,17
126.918174494763,37.4900051731017,包厩备,1969,22.0,22.5,17
126.91822059301599,37.4900170267299,包厩备,1969,22.0,22.5,17
126.918380263507,37.4900585311293,包厩备,1969,22.0,22.5,17
126.918708434846,37.490142662709395,包厩备,1969,22.0,22.5,17
126.91900713289,37.4902022836186,包厩备,2044,129.0,129.0,74
126.91901296626,37.490203413942105,包厩备,2044,129.0,129.0,74
126.919131140678,37.4902232012725,包厩备,2044,129.0,129.0,74
126.919188017924,37.4902325392385,包厩备,2044,129.0,129.0,74
126.919257443925,37.490244129404395,包厩备,2044,129.0,129.0,74
126.919393458447,37.4902667490216,包厩备,2044,129.0,129.0,74
126.919405476044,37.490268730564,包厩备,2044,129.0,129.0,74
126.919456700905,37.4902769292123,包厩备,2044,129.0,129.0,74
126.919501746474,37.490279780619204,包厩备,2044,129.0,129.0,74
126.919941652297,37.490308520720404,包厩备,2044,129.0,129.0,74
126.920104354444,37.4903190485021,包厩备,2044,129.0,129.0,74
126.9201449914,37.490320770376,包厩备,2044,129.0,129.0,74
126.920492502982,37.4903302985079,包厩备,2044,129.0,129.0,74
126.920546392538,37.490331741011204,包厩备,2044,129.0,129.0,74
126.920633141705,37.4903329266792,包厩备,2044,129.0,129.0,74
126.92066493781701,37.490333227751705,包厩备,2044,129.0,129.0,74
126.920675363241,37.4903332348854,包厩备,2044,129.0,129.0,74
126.92072094337601,37.4903332660633,包厩备,2044,129.0,129.0,74
126.92080398523301,37.4903330435107,包厩备,2044,129.0,129.0,74
126.920910173041,37.490333116002795,包厩备,2044,129.0,129.0,74
126.92098420289801,37.490332887175,包厩备,2044,129.0,129.0,74
126.921301693322,37.4903319769007,包厩备,2044,129.0,129.0,74
126.92130876165199,37.490330855449294,包厩备,2044,129.0,129.0,74
126.921505800942,37.4902918496062,包厩备,2044,129.0,129.0,74
126.921522234191,37.4902884819835,包厩备,2044,129.0,129.0,74
126.92166678487699,37.490259576572704,包厩备,2044,129.0,129.0,74
126.921744188822,37.4902444289887,包厩备,2044,129.0,129.0,74
126.92186259098301,37.4902208576205,包厩备,2044,129.0,129.0,74
126.921991942198,37.4901939147535,包厩备,2044,129.0,129.0,74
126.92201314831101,37.4901894240248,包厩备,2044,129.0,129.0,74
126.922075001798,37.490176788559,包厩备,2044,129.0,129.0,74
126.92211546853301,37.4901683733904,包厩备,2044,129.0,129.0,74
126.92211935946199,37.4901672497552,包厩备,2044,129.0,129.0,74
126.92216229597,37.4901543222201,包厩备,2044,129.0,129.0,74
126.922180857023,37.4901489917546,包厩备,2044,129.0,129.0,74
126.92234413844999,37.490124882399996,包厩备,2044,129.0,129.0,74
126.92269099917601,37.490075280007,包厩备,2044,129.0,129.0,74
126.922808342394,37.490058185174,包厩备,2044,129.0,129.0,74
126.923253606586,37.4900123047002,包厩备,2044,129.0,129.0,74
126.923590396425,37.48997957773521,包厩备,2044,129.0,129.0,74
126.923855059723,37.4899763822551,包厩备,2044,129.0,129.0,74
126.924155249267,37.489963622808105,包厩备,2044,129.0,129.0,74
126.924159827598,37.490151150947,包厩备,2044,129.0,129.0,74
126.92416188663,37.4902049239773,包厩备,2044,129.0,129.0,74
126.92416259376499,37.4902099970704,包厩备,2044,129.0,129.0,74
126.92418280167601,37.4903181303016,包厩备,2044,129.0,129.0,74
126.92415062078501,37.49034006660421,包厩备,2044,129.0,129.0,74
126.92418910274401,37.4903702212363,包厩备,2044,129.0,129.0,74
126.92421628167601,37.490396142771296,包厩备,2044,129.0,129.0,74
126.924279289483,37.4904592539771,包厩备,2044,129.0,129.0,74
126.924291284925,37.4904829130679,包厩备,2044,129.0,129.0,74
126.92430557375098,37.490508546846,包厩备,2044,129.0,129.0,74
126.924357414366,37.49060036558,包厩备,2044,129.0,129.0,74
126.924514026557,37.4907066235684,包厩备,2044,129.0,129.0,74
126.924644193001,37.490744712508004,包厩备,2044,129.0,129.0,74
126.924650556214,37.490747536777796,包厩备,2044,129.0,129.0,74
126.92470987168699,37.4907951571593,包厩备,2119,469.0,469.5,250
126.924765130156,37.4908405223754,包厩备,2119,469.0,469.5,250
126.92477694337299,37.4908546126778,包厩备,2119,469.0,469.5,250
126.924778535709,37.4908565869018,包厩备,2119,469.0,469.5,250
126.92480587233601,37.4909055920199,包厩备,2119,469.0,469.5,250
126.92481980763901,37.4909233417553,包厩备,2119,469.0,469.5,250
126.924846580919,37.4910036021848,包厩备,2119,469.0,469.5,250
126.924855903249,37.4910430269799,包厩备,2119,469.0,469.5,250
126.92490740251499,37.4911379446828,包厩备,2119,469.0,469.5,250
126.92493714084,37.491249183387296,包厩备,2119,469.0,469.5,250
126.92498648925199,37.4913688771545,包厩备,2119,469.0,469.5,250
126.92506166265801,37.491468035806605,包厩备,2119,469.0,469.5,250
126.92509076911699,37.4915116990701,包厩备,2119,469.0,469.5,250
126.92509587424101,37.4915285961191,包厩备,2119,469.0,469.5,250
126.925089101026,37.4915840572874,包厩备,2119,469.0,469.5,250
126.925113769475,37.4916553152979,包厩备,2119,469.0,469.5,250
126.925118003521,37.4916615079045,包厩备,2119,469.0,469.5,250
126.92511958429199,37.4916637614262,包厩备,2119,469.0,469.5,250
126.925162300509,37.4917009552814,包厩备,2119,469.0,469.5,250
126.92524227635599,37.4917705551134,包厩备,2119,469.0,469.5,250
126.92524010586,37.4918144774522,包厩备,2119,469.0,469.5,250
126.925336626609,37.4919381478858,包厩备,2119,469.0,469.5,250
126.925370771468,37.49206486848321,包厩备,2120,51.0,51.0,32
126.925374116702,37.4920778180056,包厩备,2120,51.0,51.0,32
126.92539154850901,37.4921380881014,包厩备,2120,51.0,51.0,32
126.925406414056,37.4924652777058,包厩备,2120,51.0,51.0,32
126.925434816312,37.4925125984824,包厩备,2120,51.0,51.0,32
126.925448366126,37.4925652526183,包厩备,2120,51.0,51.0,32
126.925453801385,37.4926024223541,包厩备,2120,51.0,51.0,32
126.92546386373199,37.492615105897,包厩备,2120,51.0,51.0,32
126.92552035397699,37.4926630033487,包厩备,2120,51.0,51.0,32
126.92553126708,37.4926953922955,包厩备,2120,51.0,51.0,32
126.925571810534,37.492790861256296,包厩备,2120,51.0,51.0,32
126.925576574141,37.492799036385,包厩备,2120,51.0,51.0,32
126.92562740159,37.4928559401404,包厩备,2120,51.0,51.0,32
126.92563640847901,37.4928612978632,包厩备,2120,51.0,51.0,32
126.925724886555,37.4929002057586,包厩备,2120,51.0,51.0,32
126.92578191205,37.4929447336878,包厩备,2120,51.0,51.0,32
126.92590231114599,37.4930408213226,包厩备,2120,51.0,51.0,32
126.925915208246,37.49304590220369,包厩备,2120,51.0,51.0,32
126.925921741891,37.4930481588833,包厩备,2120,51.0,51.0,32
126.92597526315599,37.4930580410413,包厩备,2120,51.0,51.0,32
126.92600845121001,37.49309213806129,包厩备,2120,51.0,51.0,32
126.926043220704,37.4931279119412,包厩备,2120,51.0,51.0,32
126.92608363819299,37.4931696089841,包厩备,2120,51.0,51.0,32
126.926094226264,37.49317694087029,包厩备,2120,51.0,51.0,32
126.92610111923099,37.49318172957821,包厩备,2120,51.0,51.0,32
126.92613678977301,37.4931986460839,包厩备,2120,51.0,51.0,32
126.926137851859,37.49319949370121,包厩备,2120,51.0,51.0,32
126.926144732672,37.4932051293383,包厩备,2120,51.0,51.0,32
126.92617861178302,37.493249353985796,包厩备,2120,51.0,51.0,32
126.926188149377,37.4932555589442,包厩备,2120,51.0,51.0,32
126.926221704275,37.4932736003246,包厩备,2120,51.0,51.0,32
126.926223117195,37.4932741598448,包厩备,2120,51.0,51.0,32
126.92625561397301,37.4932874162336,包厩备,2120,51.0,51.0,32
126.926307700507,37.4933187050765,包厩备,2120,51.0,51.0,32
126.926339303459,37.4933437819875,包厩备,2120,51.0,51.0,32
126.926438673559,37.4934488656827,包厩备,2120,51.0,51.0,32
126.92647786704799,37.493482398755,包厩备,2120,51.0,51.0,32
126.926492340607,37.4934942380706,包厩备,2120,51.0,51.0,32
126.926544855299,37.493629133015496,包厩备,2120,51.0,51.0,32
126.92655771202601,37.4936747587787,包厩备,2120,51.0,51.0,32
126.926564873126,37.4937507806502,包厩备,2120,51.0,51.0,32
126.926564780843,37.493843133039796,包厩备,2120,51.0,51.0,32
126.926567381372,37.493900014786796,包厩备,2120,51.0,51.0,32
126.92656559539199,37.493921971011,包厩备,2120,51.0,51.0,32
126.926562393326,37.4939352046619,包厩备,2120,51.0,51.0,32
126.92659921568399,37.4940447535116,包厩备,2120,51.0,51.0,32
126.92660762917,37.494112333805106,包厩备,2120,51.0,51.0,32
126.92663796730801,37.4941588175778,包厩备,2120,51.0,51.0,32
126.92673702653299,37.4942256083355,包厩备,2120,51.0,51.0,32
126.92692083405198,37.4943546755679,包厩备,2120,51.0,51.0,32
126.92695787153099,37.4944191834743,包厩备,2120,51.0,51.0,32
126.927134614337,37.494546272723106,包厩备,2120,51.0,51.0,32
126.92720581493,37.494723706283295,包厩备,2120,51.0,51.0,32
126.92727693431299,37.4948121570501,包厩备,2120,51.0,51.0,32
126.927296540844,37.4948138632473,包厩备,2120,51.0,51.0,32
126.927452031864,37.4949921875023,包厩备,2120,51.0,51.0,32
126.927461392752,37.4949944458685,包厩备,2120,51.0,51.0,32
126.927477281392,37.4950051506884,包厩备,2120,51.0,51.0,32
126.92749691178801,37.494994188817,包厩备,2120,51.0,51.0,32
126.927509099988,37.4949961606309,包厩备,2120,51.0,51.0,32
126.927569337915,37.4950080284699,包厩备,2120,51.0,51.0,32
126.927671622409,37.4950283649296,包厩备,2120,51.0,51.0,32
126.92777902759501,37.4950506776853,包厩备,2120,51.0,51.0,32
126.92778114221301,37.495050679005104,包厩备,2120,51.0,51.0,32
126.92787617832,37.4950710107636,包厩备,2120,51.0,51.0,32
126.92787953710501,37.495070733547294,包厩备,2120,51.0,51.0,32
126.927909583887,37.4950696170117,包厩备,2120,51.0,51.0,32
