X좌표,Y좌표,자치구,번째,1인 가구 점수,2인 가구 점수,4인 가구 점수
127.11084941976699,37.6384088792811,노원구,4480,2.0,2.0,4
127.110903350213,37.638262474411995,노원구,4480,2.0,2.0,4
127.11104243645501,37.638209493824,노원구,4480,2.0,2.0,4
127.11155819069401,37.6380329362883,노원구,4480,2.0,2.0,4
127.111598518884,37.6379906340237,노원구,4480,2.0,2.0,4
127.111686994801,37.6378461157493,노원구,4480,2.0,2.0,4
127.11190437945999,37.6374869272849,노원구,4480,2.0,2.0,4
127.111950646739,37.637408327291105,노원구,4480,2.0,2.0,4
127.11197783882601,37.6373629741715,노원구,4480,2.0,2.0,4
127.111950919702,37.637355403972,노원구,4480,2.0,2.0,4
127.112081945838,37.6371328481128,노원구,4480,2.0,2.0,4
127.112198622145,37.637143154077286,노원구,4480,2.0,2.0,4
127.112229177585,37.6370969503272,노원구,4480,2.0,2.0,4
127.11231381636601,37.636872473427,노원구,4480,2.0,2.0,4
127.112483189953,37.6364891195445,노원구,4480,2.0,2.0,4
127.112213446754,37.636284111847786,노원구,4480,2.0,2.0,4
127.112251681429,37.635564420233294,노원구,4480,2.0,2.0,4
127.11254861178301,37.6352513402205,노원구,4479,0.0,0.0,0
127.112346962524,37.6347565508275,노원구,4479,0.0,0.0,0
127.11240727565,37.634251108601106,노원구,4479,0.0,0.0,0
127.11160232211901,37.633848674771,노원구,4479,0.0,0.0,0
127.112203446796,37.63264276638721,노원구,4479,0.0,0.0,0
127.111632316575,37.631503284143896,노원구,4479,0.0,0.0,0
127.111371168557,37.6312278823428,노원구,4478,0.0,0.0,0
127.11082549011002,37.630781846147705,노원구,4478,0.0,0.0,0
127.110153295745,37.6303550609225,노원구,4478,0.0,0.0,0
127.108884756896,37.62930151848629,노원구,4478,0.0,0.0,0
127.107025293082,37.6280480154666,노원구,4403,0.0,0.0,0
127.10590634649,37.6275948632027,노원구,4403,0.0,0.0,0
127.10596351311399,37.6273307082592,노원구,4403,0.0,0.0,0
127.105402307269,37.6257277498203,노원구,4402,0.0,0.0,0
127.105014751085,37.6252654916964,노원구,4402,0.0,0.0,0
127.10491437563101,37.6239819636205,노원구,4402,0.0,0.0,0
127.104327905998,37.623270702284,노원구,4402,0.0,0.0,0
127.104066216107,37.621653112914295,노원구,4401,19.0,19.0,14
127.104909095177,37.6215673431119,노원구,4401,19.0,19.0,14
127.104938258256,37.621416682261,노원구,4401,19.0,19.0,14
127.105382849445,37.6209018958141,노원구,4401,19.0,19.0,14
127.105661986751,37.620416246917294,노원구,4401,19.0,19.0,14
127.105555913085,37.6203707239711,노원구,4401,19.0,19.0,14
127.10508112747,37.620166456802394,노원구,4401,19.0,19.0,14
127.104920862383,37.6201018350029,노원구,4401,19.0,19.0,14
127.104883852612,37.6200824422446,노원구,4401,19.0,19.0,14
127.104916533653,37.6200432750993,노원구,4401,19.0,19.0,14
127.104842392596,37.62005600786621,노원구,4401,19.0,19.0,14
127.104052315001,37.620043182259394,노원구,4401,19.0,19.0,14
127.1039823049,37.6200939231881,노원구,4401,19.0,19.0,14
127.10399296528799,37.620128547548106,노원구,4401,19.0,19.0,14
127.10379755557501,37.6202388077525,노원구,4401,19.0,19.0,14
127.10372836148001,37.6202495624386,노원구,4401,19.0,19.0,14
127.103658997997,37.620260326029204,노원구,4401,19.0,19.0,14
127.10349829910801,37.6202584919122,노원구,4401,19.0,19.0,14
127.10338840585,37.620268164135496,노원구,4401,19.0,19.0,14
127.10319444125,37.620152042086794,노원구,4401,19.0,19.0,14
127.10274715362,37.6201141349596,노원구,4401,19.0,19.0,14
127.102348010893,37.6200801311983,노원구,4401,19.0,19.0,14
127.10169326822201,37.620024656898714,노원구,4326,0.0,0.0,0
127.101698191058,37.6200043806705,노원구,4326,0.0,0.0,0
127.101789791555,37.6196830493947,노원구,4401,19.0,19.0,14
127.101674822499,37.61947169607,노원구,4326,0.0,0.0,0
127.101167236127,37.619469026440704,노원구,4326,0.0,0.0,0
127.100870701378,37.619404234209,노원구,4326,0.0,0.0,0
127.100801784933,37.619486795344,노원구,4326,0.0,0.0,0
127.100231471673,37.619699562788,노원구,4326,0.0,0.0,0
127.09966098509899,37.6199123364127,노원구,4326,0.0,0.0,0
127.099584466209,37.6200033355425,노원구,4326,0.0,0.0,0
127.099644138042,37.6198920783718,노원구,4326,0.0,0.0,0
127.09911856868601,37.620215452067,노원구,4326,0.0,0.0,0
127.099029972675,37.6202707103277,노원구,4326,0.0,0.0,0
127.099025366814,37.6202738140015,노원구,4326,0.0,0.0,0
127.09901918716801,37.6202777652938,노원구,4326,0.0,0.0,0
127.09901316615401,37.6202814282995,노원구,4326,0.0,0.0,0
127.099002731108,37.62028791491289,노원구,4326,0.0,0.0,0
127.098983286834,37.6203000307424,노원구,4326,0.0,0.0,0
127.098977797803,37.6203034232989,노원구,4326,0.0,0.0,0
127.098973383756,37.620306238107204,노원구,4326,0.0,0.0,0
127.098968256614,37.6203093416593,노원구,4326,0.0,0.0,0
127.098962948703,37.620312724717,노원구,4326,0.0,0.0,0
127.098957991619,37.6203158187797,노원구,4326,0.0,0.0,0
127.09895127999201,37.62032005041421,노원구,4326,0.0,0.0,0
127.09894437616998,37.620324281657,노원구,4326,0.0,0.0,0
127.09893783350799,37.6203276657329,노원구,4326,0.0,0.0,0
127.098932525229,37.620330769433,노원구,4326,0.0,0.0,0
127.09892580110599,37.620334433014605,노원구,4326,0.0,0.0,0
127.098816855616,37.6203939334521,노원구,4326,0.0,0.0,0
127.098486185996,37.6202030267339,노원구,4326,0.0,0.0,0
127.098413942167,37.62017690354169,노원구,4326,0.0,0.0,0
127.098408446163,37.6201749349607,노원구,4326,0.0,0.0,0
127.098380115435,37.6201648221925,노원구,4326,0.0,0.0,0
127.098205347984,37.620101617552,노원구,4326,0.0,0.0,0
127.097940288101,37.6200083577409,노원구,4326,0.0,0.0,0
127.097933375884,37.6200061109382,노원구,4326,0.0,0.0,0
127.09791620730199,37.61999992632661,노원구,4326,0.0,0.0,0
127.097829086198,37.6199695893832,노원구,4326,0.0,0.0,0
127.097646537174,37.6199058315496,노원구,4326,0.0,0.0,0
127.09764015731199,37.6199035842962,노원구,4326,0.0,0.0,0
127.09763307467199,37.6199010494595,노원구,4326,0.0,0.0,0
127.09762475694401,37.6198982450702,노원구,4326,0.0,0.0,0
127.09758899258699,37.6198855970097,노원구,4326,0.0,0.0,0
127.097581728831,37.619883071665896,노원구,4326,0.0,0.0,0
127.09753675289801,37.619868187986,노원구,4326,0.0,0.0,0
127.097523834536,37.6198639729524,노원구,4326,0.0,0.0,0
127.09751515455099,37.6198611688501,노원구,4326,0.0,0.0,0
127.09747230906099,37.619847121482294,노원구,4326,0.0,0.0,0
127.097373156399,37.6198148203399,노원구,4326,0.0,0.0,0
127.097347659867,37.619806399307706,노원구,4326,0.0,0.0,0
127.097338809455,37.6198033071756,노원구,4326,0.0,0.0,0
127.09733242961,37.6198010599054,노원구,4326,0.0,0.0,0
127.09732711479299,37.6197990905769,노원구,4326,0.0,0.0,0
127.097320746023,37.6197968526457,노원구,4326,0.0,0.0,0
127.09731524938299,37.61979488401421,노원구,4326,0.0,0.0,0
127.09730658079701,37.619791791732,노원구,4326,0.0,0.0,0
127.097300382087,37.6197895443131,노원구,4326,0.0,0.0,0
127.097294364508,37.6197872967468,노원구,4326,0.0,0.0,0
127.09728356480801,37.6197833587741,노원구,4326,0.0,0.0,0
127.09727825000601,37.619781399341896,노원구,4326,0.0,0.0,0
127.097271518962,37.619779152353296,노원구,4326,0.0,0.0,0
127.09726496868099,37.6197766165126,노원구,4326,0.0,0.0,0
127.097216988176,37.6197594832479,노원구,4326,0.0,0.0,0
127.09718139367901,37.619746564917705,노원구,4326,0.0,0.0,0
127.09717537646601,37.6197445967017,노원구,4326,0.0,0.0,0
127.097106669125,37.6197195960651,노원구,4326,0.0,0.0,0
127.096860544946,37.61963110273921,노원구,4326,0.0,0.0,0
127.096840895981,37.619624361261295,노원구,4326,0.0,0.0,0
127.096802651365,37.6196117243136,노원구,4326,0.0,0.0,0
127.096761392123,37.6195982429181,노원구,4326,0.0,0.0,0
127.096732179706,37.619588689177796,노원구,4326,0.0,0.0,0
127.096709346055,37.619581102828896,노원구,4326,0.0,0.0,0
127.09667163418399,37.619568754114106,노원구,4326,0.0,0.0,0
127.096659237194,37.6195645385652,노원구,4326,0.0,0.0,0
127.096650919528,37.6195617253085,노원구,4326,0.0,0.0,0
127.09664469539699,37.6195394939789,노원구,4326,0.0,0.0,0
127.09661552831899,37.6194325167515,노원구,4326,0.0,0.0,0
127.096605956637,37.6194232358564,노원구,4326,0.0,0.0,0
127.09660259897899,37.61941958052979,노원구,4326,0.0,0.0,0
127.096595862608,37.619413107963,노원구,4326,0.0,0.0,0
127.096587175185,37.6194043933159,노원구,4326,0.0,0.0,0
127.09658292221201,37.619400171198,노원구,4326,0.0,0.0,0
127.096576185489,37.619393419273706,노원구,4326,0.0,0.0,0
127.096571762092,37.619388917936,노원구,4326,0.0,0.0,0
127.09656714616699,37.6193846961099,노원구,4326,0.0,0.0,0
127.09656148729601,37.6193790695418,노원구,4326,0.0,0.0,0
127.096554750577,37.61937231761621,노원구,4326,0.0,0.0,0
127.096549250025,37.61936669092,노원구,4326,0.0,0.0,0
127.09654199168199,37.6193596600571,노원구,4326,0.0,0.0,0
127.09653543609699,37.6193529079846,노원구,4326,0.0,0.0,0
127.096529050938,37.6193464351311,노원구,4326,0.0,0.0,0
127.096525149894,37.6193427802397,노원구,4326,0.0,0.0,0
127.096520545373,37.6193382790459,노원구,4326,0.0,0.0,0
127.096510802922,37.6193284302186,노원구,4326,0.0,0.0,0
127.096506549958,37.61932420809789,노원구,4326,0.0,0.0,0
127.096502830047,37.6193205530599,노원구,4326,0.0,0.0,0
127.096498577084,37.619316330938894,노원구,4326,0.0,0.0,0
127.09649449455699,37.6193123968358,노원구,4326,0.0,0.0,0
127.09649095577801,37.6193087416516,노원구,4326,0.0,0.0,0
127.096486339142,37.619303952311,노원구,4326,0.0,0.0,0
127.09647978498,37.619297767746,노원구,4326,0.0,0.0,0
127.096476246203,37.6192941125614,노원구,4326,0.0,0.0,0
127.096472526284,37.619290448723795,노원구,4326,0.0,0.0,0
127.09646844376002,37.6192865146198,노원구,4326,0.0,0.0,0
127.096464371931,37.6192822923518,노원구,4326,0.0,0.0,0
127.09645993784099,37.6192780703751,노원구,4326,0.0,0.0,0
127.09645639906601,37.6192744151899,노원구,4326,0.0,0.0,0
127.096451613067,37.619269634782704,노원구,4326,0.0,0.0,0
127.09644664488,37.6192645663666,노원구,4326,0.0,0.0,0
127.096442755597,37.619260911462895,노원구,4326,0.0,0.0,0
127.096438502285,37.61925640998339,노원구,4326,0.0,0.0,0
127.09643460125099,37.619252755088795,노원구,4326,0.0,0.0,0
127.096428749516,37.61924712866929,노원구,4326,0.0,0.0,0
127.09642485917801,37.6192431856106,노원구,4326,0.0,0.0,0
127.096420957434,37.6192389720029,노원구,4326,0.0,0.0,0
127.096415638743,37.619233903867396,노원구,4326,0.0,0.0,0
127.096411567286,37.619229969752496,노원구,4326,0.0,0.0,0
127.09640606675501,37.619224343049396,노원구,4326,0.0,0.0,0
127.096401462236,37.619219832502296,노원구,4326,0.0,0.0,0
127.09639774233601,37.619216178010795,노원구,4326,0.0,0.0,0
127.09621114538,37.6190305007254,노원구,4325,9.0,9.0,4
127.09620424043699,37.619025153946296,노원구,4325,9.0,9.0,4
127.09619573959299,37.61902066521421,노원구,4325,9.0,9.0,4
127.09556728981,37.6191726406063,노원구,4251,0.0,0.0,0
127.09554728876002,37.619174340932496,노원구,4251,0.0,0.0,0
127.095523567503,37.619172107379896,노원구,4251,0.0,0.0,0
127.095001128855,37.619038790283,노원구,4250,118.0,119.0,70
127.094926242269,37.6190258935899,노원구,4250,118.0,119.0,70
127.094754920189,37.6190144874575,노원구,4250,118.0,119.0,70
127.09450198831,37.61900285669971,노원구,4250,118.0,119.0,70
127.094449776087,37.6189975554053,노원구,4250,118.0,119.0,70
127.09365361983,37.618068476259296,노원구,4250,118.0,119.0,70
127.09364158933799,37.6180673594255,노원구,4250,118.0,119.0,70
127.09361504480101,37.61807160568821,노원구,4250,118.0,119.0,70
127.093519669988,37.6180868885205,노원구,4250,118.0,119.0,70
127.09349967816799,37.6180869041038,노원구,4250,118.0,119.0,70
127.09341680790399,37.618055993065795,노원구,4250,118.0,119.0,70
127.093399283086,37.6180540336169,노원구,4250,118.0,119.0,70
127.09338211983801,37.618051515170606,노원구,4250,118.0,119.0,70
127.093250818429,37.618068231327705,노원구,4250,118.0,119.0,70
127.093245148841,37.6180631633208,노원구,4250,118.0,119.0,70
127.093222099274,37.6180361518237,노원구,4250,118.0,119.0,70
127.093227233417,37.6180291111249,노원구,4250,118.0,119.0,70
127.093209519186,37.6180203944425,노원구,4250,118.0,119.0,70
127.093054022305,37.6180728890334,노원구,4250,118.0,119.0,70
127.09301774004601,37.6180706647184,노원구,4250,118.0,119.0,70
127.092974397551,37.6180839243143,노원구,4250,118.0,119.0,70
127.092931055405,37.6180974819478,노원구,4250,118.0,119.0,70
127.09292025407301,37.6181008596416,노원구,4250,118.0,119.0,70
127.092898322355,37.6181076339779,노원구,4250,118.0,119.0,70
127.09286948391501,37.6181163873006,노원구,4250,118.0,119.0,70
127.09282542826901,37.618129936099,노원구,4250,118.0,119.0,70
127.092808093533,37.6181353012797,노원구,4250,118.0,119.0,70
127.092756078237,37.6181513880165,노원구,4250,118.0,119.0,70
127.09247236751,37.618282816669605,노원구,4250,118.0,119.0,70
127.09238286855499,37.6183242765944,노원구,4250,118.0,119.0,70
127.092331044091,37.6183485259308,노원구,4250,118.0,119.0,70
127.092060816485,37.6185126037496,노원구,4250,118.0,119.0,70
127.092013251275,37.6185467063492,노원구,4250,118.0,119.0,70
127.091929245783,37.618607586902996,노원구,4250,118.0,119.0,70
127.091889818908,37.6186366102542,노원구,4250,118.0,119.0,70
127.09188380942498,37.6186408409504,노원구,4250,118.0,119.0,70
127.091567639486,37.6188716794505,노원구,4250,118.0,119.0,70
127.091518644393,37.61889452068721,노원구,4250,118.0,119.0,70
127.09146751994899,37.6189179310386,노원구,4250,118.0,119.0,70
127.09140438578699,37.6189472609985,노원구,4250,118.0,119.0,70
127.091383681751,37.6189576921499,노원구,4250,118.0,119.0,70
127.09131167724199,37.618976892786996,노원구,4250,118.0,119.0,70
127.09127629200701,37.6189862176625,노원구,4250,118.0,119.0,70
127.091170664153,37.6190105073957,노원구,4250,118.0,119.0,70
127.091081158533,37.619047740789796,노원구,4250,118.0,119.0,70
127.090870816312,37.6191216630376,노원구,4251,0.0,0.0,0
127.090803627505,37.619180286949394,노원구,4251,0.0,0.0,0
127.090572789405,37.61928801147521,노원구,4251,0.0,0.0,0
127.090567660639,37.6192899884391,노원구,4251,0.0,0.0,0
127.09037092979901,37.619352358463296,노원구,4251,0.0,0.0,0
127.09029698113399,37.619375496783,노원구,4251,0.0,0.0,0
127.090291501155,37.619377474549,노원구,4251,0.0,0.0,0
127.09027540034799,37.6193825590719,노원구,4251,0.0,0.0,0
127.09026459802799,37.619385945871294,노원구,4251,0.0,0.0,0
127.090243549584,37.6193924396922,노원구,4251,0.0,0.0,0
127.09023788846001,37.6193944082433,노원구,4251,0.0,0.0,0
127.09023169501499,37.6193963859929,노원구,4251,0.0,0.0,0
127.09022426716801,37.6193986440267,노원구,4251,0.0,0.0,0
127.09021878685301,37.619400341882894,노원구,4251,0.0,0.0,0
127.09020003643299,37.6194062664569,노원구,4251,0.0,0.0,0
127.090193481055,37.6194085238332,노원구,4251,0.0,0.0,0
127.09017508183099,37.619414448139295,노원구,4251,0.0,0.0,0
127.09008999226499,37.619441820792,노원구,4251,0.0,0.0,0
127.08995482295401,37.619485286229896,노원구,4251,0.0,0.0,0
127.089840181413,37.6195222488085,노원구,4176,41.0,42.0,36
127.08982479201599,37.619525648349,노원구,4176,41.0,42.0,36
127.089745525088,37.6195440065946,노원구,4176,41.0,42.0,36
127.08973897076099,37.6195378128568,노원구,4176,41.0,42.0,36
127.08972993258101,37.61952880981161,노원구,4176,41.0,42.0,36
127.089721259909,37.619531915612704,노원구,4176,41.0,42.0,36
127.08962555347799,37.6195660532155,노원구,4176,41.0,42.0,36
127.08945592532301,37.6196467092322,노원구,4176,41.0,42.0,36
127.089382371018,37.61970701266321,노원구,4176,41.0,42.0,36
127.089356545247,37.6197264565221,노원구,4176,41.0,42.0,36
127.08923329765,37.6198138355871,노원구,4176,41.0,42.0,36
127.089090582125,37.6199147337727,노원구,4176,41.0,42.0,36
127.089020561632,37.6199651870328,노원구,4176,41.0,42.0,36
127.088933424734,37.6200635119969,노원구,4176,41.0,42.0,36
127.088876863436,37.6201266224825,노원구,4176,41.0,42.0,36
127.088864662427,37.6201348037941,노원구,4176,41.0,42.0,36
127.088858822386,37.620138745504704,노원구,4176,41.0,42.0,36
127.088854396551,37.620141848098704,노원구,4176,41.0,42.0,36
127.08884608968901,37.62014748537121,노원구,4176,41.0,42.0,36
127.088831059213,37.6201576325179,노원구,4176,41.0,42.0,36
127.088812486137,37.620170034733206,노원구,4176,41.0,42.0,36
127.088785254951,37.6201886419854,노원구,4176,41.0,42.0,36
127.08876987357999,37.6201990687403,노원구,4176,41.0,42.0,36
127.088708154879,37.6202399378128,노원구,4176,41.0,42.0,36
127.088507964841,37.6200781884961,노원구,4176,41.0,42.0,36
127.088481915199,37.6200517458051,노원구,4176,41.0,42.0,36
127.08845445984501,37.6200233310503,노원구,4176,41.0,42.0,36
127.088351682443,37.619919505854895,노원구,4176,41.0,42.0,36
127.088334683118,37.61991192294121,노원구,4176,41.0,42.0,36
127.08829678607,37.619895048089,노원구,4176,41.0,42.0,36
127.088250761317,37.6198827027956,노원구,4176,41.0,42.0,36
127.088231815748,37.6198767974371,노원구,4176,41.0,42.0,36
127.08816545996599,37.6198847297507,노원구,4176,41.0,42.0,36
127.088055569478,37.619908181753004,노원구,4176,41.0,42.0,36
127.087945692668,37.6199327598679,노원구,4176,41.0,42.0,36
127.08775925280099,37.6200137051096,노원구,4176,41.0,42.0,36
127.087631160146,37.6200568745559,노원구,4176,41.0,42.0,36
127.087354821661,37.6201516787781,노원구,4176,41.0,42.0,36
127.086983952262,37.6202313424119,노원구,4176,41.0,42.0,36
127.08696077035299,37.6202353053851,노원구,4176,41.0,42.0,36
127.08668011847999,37.620273799896395,노원구,4176,41.0,42.0,36
127.086349708513,37.6202940212125,노원구,4176,41.0,42.0,36
127.086072727416,37.6202936618261,노원구,4176,41.0,42.0,36
127.086065998569,37.62029309858521,노원구,4176,41.0,42.0,36
127.08589146433701,37.62026704151409,노원구,4176,41.0,42.0,36
127.085845262747,37.620258352891604,노원구,4176,41.0,42.0,36
127.085739403498,37.6202412469552,노원구,4176,41.0,42.0,36
127.08572470981301,37.6202390049905,노원구,4176,41.0,42.0,36
127.085578845586,37.6202137733147,노원구,4176,41.0,42.0,36
127.08533313295099,37.62016833156471,노원구,4176,41.0,42.0,36
127.085228880196,37.6201489803775,노원구,4176,41.0,42.0,36
127.084948466593,37.62009681388329,노원구,4176,41.0,42.0,36
127.084942280226,37.62009540387629,노원구,4176,41.0,42.0,36
127.084504991214,37.61997520610061,노원구,4176,41.0,42.0,36
127.084363892878,37.6199364548687,노원구,4176,41.0,42.0,36
127.084270235292,37.619910617401295,노원구,4176,41.0,42.0,36
127.084179240386,37.6198856248629,노원구,4176,41.0,42.0,36
127.084126304505,37.61987101165379,노원구,4176,41.0,42.0,36
127.08405797051901,37.6198522023447,노원구,4176,41.0,42.0,36
127.08402291430599,37.619842649545,노원구,4176,41.0,42.0,36
127.083789043061,37.6197783386248,노원구,4101,142.0,143.5,85
127.083788867094,37.6197729869783,노원구,4101,142.0,143.5,85
127.08381640031,37.61970877294689,노원구,4101,142.0,143.5,85
127.083438445754,37.619619505409105,노원구,4101,142.0,143.5,85
127.082787260958,37.61940287352649,노원구,4101,142.0,143.5,85
127.08246142052201,37.6193935195983,노원구,4101,142.0,143.5,85
127.081919677721,37.6192266504211,노원구,4101,142.0,143.5,85
127.081427986398,37.619193197619296,노원구,4101,142.0,143.5,85
127.08140932661301,37.6191894532355,노원구,4101,142.0,143.5,85
127.081401430515,37.619187863828,노원구,4101,142.0,143.5,85
127.081306160077,37.619134995688704,노원구,4101,142.0,143.5,85
127.080915776502,37.618844980996705,노원구,4100,163.0,163.0,97
127.080645408615,37.6185706429474,노원구,4100,163.0,163.0,97
127.08043718564899,37.6184826574341,노원구,4100,163.0,163.0,97
127.080069530974,37.6184195459385,노원구,4100,163.0,163.0,97
127.08007860307501,37.618623674856,노원구,4100,163.0,163.0,97
127.07974753471001,37.6185183089447,노원구,4100,163.0,163.0,97
127.079426930793,37.6184323603838,노원구,4100,163.0,163.0,97
127.079113803685,37.618390337625996,노원구,4100,163.0,163.0,97
127.078838859242,37.6182936626924,노원구,4100,163.0,163.0,97
127.078768927838,37.618271742692706,노원구,4100,163.0,163.0,97
127.07868253344999,37.6182447698015,노원구,4100,163.0,163.0,97
127.07772720470899,37.6179151271391,노원구,4025,188.0,190.5,124
127.077696224788,37.61790275865921,노원구,4025,188.0,190.5,124
127.07773034978202,37.61786725557271,노원구,4025,188.0,190.5,124
127.077573064671,37.617742346000206,노원구,4025,188.0,190.5,124
127.077499514667,37.6178260227741,노원구,4025,188.0,190.5,124
127.07749386967,37.617832504405,노원구,4025,188.0,190.5,124
127.077255213076,37.6177510020503,노원구,4025,188.0,190.5,124
127.076517308338,37.6174972256608,노원구,4025,188.0,190.5,124
127.07652559193001,37.6174671004594,노원구,4025,188.0,190.5,124
127.076527365197,37.6174623062744,노원구,4025,188.0,190.5,124
127.076319906418,37.6174280924656,노원구,4025,188.0,190.5,124
127.07619543164101,37.61736510265779,노원구,4025,188.0,190.5,124
127.07617985473101,37.6173622925498,노원구,4025,188.0,190.5,124
127.076107102893,37.6173499500704,노원구,4025,188.0,190.5,124
127.07595716126,37.617304716357204,노원구,4025,188.0,190.5,124
127.075579894583,37.61717909579321,노원구,4025,188.0,190.5,124
127.075541120257,37.6171641998287,노원구,4025,188.0,190.5,124
127.07553404002701,37.6171630780436,노원구,4025,188.0,190.5,124
127.07541846784201,37.617167907233295,노원구,4025,188.0,190.5,124
127.07537264097701,37.6171679634161,노원구,4025,188.0,190.5,124
127.075366422819,37.61714516343621,노원구,4025,188.0,190.5,124
127.075359692394,37.61714263583929,노원구,4025,188.0,190.5,124
127.075274920287,37.6171387426601,노원구,4025,188.0,190.5,124
127.075049261152,37.6171276212163,노원구,4025,188.0,190.5,124
127.075032270454,37.61712678438229,노원구,4025,188.0,190.5,124
127.075016163272,37.6171259568942,노원구,4025,188.0,190.5,124
127.07500288799999,37.6171253976487,노원구,4025,188.0,190.5,124
127.074988725907,37.6171214690753,노원구,4025,188.0,190.5,124
127.07495048791701,37.6171105099734,노원구,4025,188.0,190.5,124
127.07492269605,37.61710264368261,노원구,4025,188.0,190.5,124
127.074571290927,37.617000375184496,노원구,4025,188.0,190.5,124
127.074563864499,37.617004325970704,노원구,4025,188.0,190.5,124
127.07447399848,37.6170381589819,노원구,4025,188.0,190.5,124
127.07445947528099,37.617035357343795,노원구,4025,188.0,190.5,124
127.074410447019,37.6170283509245,노원구,4025,188.0,190.5,124
127.074302979983,37.6169813951269,노원구,4025,188.0,190.5,124
127.07429713201599,37.6169777406993,노원구,4025,188.0,190.5,124
127.074240640891,37.6169372313954,노원구,4025,188.0,190.5,124
127.074212303693,37.6169158505639,노원구,4025,188.0,190.5,124
127.07415700572399,37.616832543905,노원구,4025,188.0,190.5,124
127.07399114593099,37.6168036433601,노원구,4025,188.0,190.5,124
127.07397326963101,37.6168005550157,노원구,4025,188.0,190.5,124
127.07396123882098,37.6167985981051,노원구,4025,188.0,190.5,124
127.07394884547399,37.6167963439117,노원구,4025,188.0,190.5,124
127.073934333673,37.6167938215587,노원구,4025,188.0,190.5,124
127.073927253232,37.6167924203205,노원구,4025,188.0,190.5,124
127.073920173062,37.6167912984385,노원구,4025,188.0,190.5,124
127.07390777972601,37.616789053589294,노원구,4025,188.0,190.5,124
127.073860336465,37.6167809197431,노원구,4025,188.0,190.5,124
127.073795378909,37.616769417928,노원구,4025,188.0,190.5,124
127.07376687575199,37.6167635160963,노원구,4025,188.0,190.5,124
127.07369005530899,37.616747795938394,노원구,4025,188.0,190.5,124
127.07363996241101,37.616740510492896,노원구,4025,188.0,190.5,124
127.073347900851,37.6166860622619,노원구,4025,188.0,190.5,124
127.07319868378401,37.6166608173046,노원구,4025,188.0,190.5,124
127.073182756221,37.6166582951691,노원구,4025,188.0,190.5,124
127.07296805826401,37.616630549057,노원구,4025,188.0,190.5,124
127.072524850807,37.6165697116489,노원구,4025,188.0,190.5,124
127.07247829294501,37.616563271002,노원구,4025,188.0,190.5,124
127.072455999268,37.61656018508361,노원구,4025,188.0,190.5,124
127.07244697101801,37.616559064284,노원구,4025,188.0,190.5,124
127.072192631717,37.6165321874474,노원구,3950,29.0,29.0,23
127.07218077158899,37.6165307889665,노원구,3950,29.0,29.0,23
127.07217102911,37.6165288217045,노원구,3950,29.0,29.0,23
127.071977012835,37.6164757257229,노원구,3950,29.0,29.0,23
127.07196571132,37.6165021943779,노원구,3950,29.0,29.0,23
127.071962715748,37.6165086741644,노원구,3950,29.0,29.0,23
127.07195230064501,37.6165382416097,노원구,3950,29.0,29.0,23
127.07192716298901,37.6165337517059,노원구,3950,29.0,29.0,23
127.071899023124,37.6165287048737,노원구,3950,29.0,29.0,23
127.07184556475599,37.6165194475781,노원구,3950,29.0,29.0,23
127.071833533505,37.616516914139794,노원구,3950,29.0,29.0,23
127.071380716544,37.6164009024386,노원구,3950,29.0,29.0,23
127.07127891686399,37.6163553549074,노원구,3950,29.0,29.0,23
127.071179587186,37.616310355195104,노원구,3950,29.0,29.0,23
127.071172855146,37.6163058636135,노원구,3950,29.0,29.0,23
127.071090113458,37.6162065163831,노원구,3950,29.0,29.0,23
127.071095327906,37.6161017742975,노원구,3950,29.0,29.0,23
127.071102169918,37.6160418009317,노원구,3950,29.0,29.0,23
127.07112084994,37.615947754448,노원구,3950,29.0,29.0,23
127.071038310761,37.615882761347606,노원구,3950,29.0,29.0,23
127.07097721683998,37.6158349283159,노원구,3950,29.0,29.0,23
127.070792717855,37.615745506189214,노원구,3950,29.0,29.0,23
127.070444258985,37.615558189179,노원구,3950,29.0,29.0,23
127.07040902816,37.6155396314189,노원구,3950,29.0,29.0,23
127.07019374853901,37.6154535961937,노원구,3950,29.0,29.0,23
127.07016414656601,37.6153975902671,노원구,3950,29.0,29.0,23
127.070054803165,37.6154353779904,노원구,3950,29.0,29.0,23
127.06993668747101,37.6155415911309,노원구,3950,29.0,29.0,23
127.069898673663,37.6155759674562,노원구,3950,29.0,29.0,23
127.069852156307,37.615612871153395,노원구,3950,29.0,29.0,23
127.06971032579901,37.6157224858196,노원구,3950,29.0,29.0,23
127.069703065954,37.615722769371,노원구,3950,29.0,29.0,23
127.06966325644699,37.615725891685294,노원구,3950,29.0,29.0,23
127.06896709393499,37.61560268609421,노원구,3950,29.0,29.0,23
127.06816845535499,37.61545616236921,노원구,3950,29.0,29.0,23
127.06815695614901,37.6154522320207,노원구,3950,29.0,29.0,23
127.067643325905,37.6153458714886,노원구,3950,29.0,29.0,23
127.066064574652,37.6150189509884,노원구,3875,215.0,217.0,120
127.065724895965,37.614948184023795,노원구,3874,228.0,228.0,138
127.06553709513099,37.6149083094134,노원구,3874,228.0,228.0,138
127.06549939557699,37.6149015724999,노원구,3874,228.0,228.0,138
127.065111581271,37.614817594496,노원구,3874,228.0,228.0,138
127.064857932101,37.6147662038489,노원구,3874,228.0,228.0,138
127.06481438344,37.6147535593673,노원구,3874,228.0,228.0,138
127.06458037789301,37.6146931477762,노원구,3874,228.0,228.0,138
127.06382804403,37.6144471826278,노원구,3874,228.0,228.0,138
127.06341063272,37.6143147962653,노원구,3874,228.0,228.0,138
127.063284761381,37.6142698038058,노원구,3874,228.0,228.0,138
127.06326173452601,37.614268284340895,노원구,3874,228.0,228.0,138
127.063246896477,37.6142672918069,노원구,3874,228.0,228.0,138
127.06313712806002,37.6142865313103,노원구,3874,228.0,228.0,138
127.06308092434,37.6142963815766,노원구,3874,228.0,228.0,138
127.06302894209401,37.614302580378705,노원구,3874,228.0,228.0,138
127.062936167138,37.6143136385475,노원구,3874,228.0,228.0,138
127.062583671505,37.6143515456422,노원구,3874,228.0,228.0,138
127.06250261727199,37.614360011703795,노원구,3874,228.0,228.0,138
127.06237770067101,37.6143730503345,노원구,3874,228.0,228.0,138
127.062097594019,37.614415991044105,노원구,3874,228.0,228.0,138
127.062031231508,37.6144267192897,노원구,3874,228.0,228.0,138
127.062018706961,37.6144296903036,노원구,3874,228.0,228.0,138
127.062003804806,37.6144332119,노원구,3874,228.0,228.0,138
127.06187337585199,37.6144653711732,노원구,3874,228.0,228.0,138
127.061756626182,37.6144941545406,노원구,3874,228.0,228.0,138
127.06174778332,37.614497816539604,노원구,3874,228.0,228.0,138
127.06146756817499,37.6146322688431,노원구,3874,228.0,228.0,138
127.061456778337,37.6146373379423,노원구,3874,228.0,228.0,138
127.061293431651,37.6147502595305,노원구,3874,228.0,228.0,138
127.061287511809,37.6147551188294,노원구,3874,228.0,228.0,138
127.06119840574699,37.6148366305532,노원구,3874,228.0,228.0,138
127.06111261532601,37.614915131398796,노원구,3874,228.0,228.0,138
127.061089573493,37.6149383609989,노원구,3874,228.0,228.0,138
127.061029862372,37.6150249576651,노원구,3875,215.0,217.0,120
127.060975683847,37.6151040550696,노원구,3875,215.0,217.0,120
127.06097165685699,37.6151099312918,노원구,3875,215.0,217.0,120
127.060964269214,37.6151207199486,노원구,3875,215.0,217.0,120
127.060959121546,37.6151282365817,노원구,3875,215.0,217.0,120
127.060956168971,37.615132545004,노원구,3875,215.0,217.0,120
127.060949426245,37.6151423869311,노원구,3875,215.0,217.0,120
127.060941020665,37.6151544914961,노원구,3875,215.0,217.0,120
127.060933180855,37.6151660909535,노원구,3875,215.0,217.0,120
127.06092909674601,37.6151723004514,노원구,3875,215.0,217.0,120
127.06089853082199,37.6152200952096,노원구,3875,215.0,217.0,120
127.06089192464701,37.6152304143909,노원구,3875,215.0,217.0,120
127.060885658717,37.6152417611921,노원구,3875,215.0,217.0,120
127.06087903125099,37.6152539995872,노원구,3875,215.0,217.0,120
127.060875955234,37.615259569574704,노원구,3875,215.0,217.0,120
127.06085277071199,37.6153026841296,노원구,3875,215.0,217.0,120
127.060828895654,37.615346798772286,노원구,3875,215.0,217.0,120
127.06082396490999,37.6153559105939,노원구,3875,215.0,217.0,120
127.060801515853,37.6153989978226,노원구,3875,215.0,217.0,120
127.06072183295,37.6155527627374,노원구,3875,215.0,217.0,120
127.060666173494,37.61566485509071,노원구,3875,215.0,217.0,120
127.060204163012,37.615971698026,노원구,3800,85.0,86.5,77
127.059913641565,37.616103196489796,노원구,3800,85.0,86.5,77
127.059562136458,37.6162623030328,노원구,3800,85.0,86.5,77
127.059534328245,37.6162753986346,노원구,3800,85.0,86.5,77
127.05948601628599,37.6162981454127,노원구,3800,85.0,86.5,77
127.05947724128,37.616302365920895,노원구,3800,85.0,86.5,77
127.059466780102,37.6163073989309,노원구,3800,85.0,86.5,77
127.059386090074,37.616351027537,노원구,3800,85.0,86.5,77
127.059350030407,37.6163705248521,노원구,3800,85.0,86.5,77
127.05898578816999,37.6165691973478,노원구,3800,85.0,86.5,77
127.058951825538,37.6165911257935,노원구,3800,85.0,86.5,77
127.05887753773399,37.616639085364106,노원구,3800,85.0,86.5,77
127.058869567567,37.6166435941411,노원구,3800,85.0,86.5,77
127.058861790012,37.61664866153749,노원구,3800,85.0,86.5,77
127.058691262823,37.616758267539204,노원구,3800,85.0,86.5,77
127.058487564994,37.6168904765167,노원구,3800,85.0,86.5,77
127.058463959501,37.6169034802001,노원구,3800,85.0,86.5,77
127.05843709363,37.616919963113496,노원구,3800,85.0,86.5,77
127.058407375334,37.6169382131726,노원구,3800,85.0,86.5,77
127.05840149959101,37.6169415407907,노원구,3800,85.0,86.5,77
127.05837432730101,37.616956933356,노원구,3800,85.0,86.5,77
127.058367976134,37.6169605312097,노원구,3800,85.0,86.5,77
127.058352816528,37.616969116084704,노원구,3800,85.0,86.5,77
127.05832520265699,37.6169847612622,노원구,3800,85.0,86.5,77
127.058312850661,37.6169917588259,노원구,3800,85.0,86.5,77
127.05818943284099,37.6170616711017,노원구,3800,85.0,86.5,77
127.05807828806299,37.6171246401895,노원구,3800,85.0,86.5,77
127.057733295023,37.6173097854099,노원구,3800,85.0,86.5,77
127.057523972461,37.6174221198168,노원구,3800,85.0,86.5,77
127.057518752992,37.617424906512795,노원구,3800,85.0,86.5,77
127.05745836204599,37.6174584337706,노원구,3800,85.0,86.5,77
127.05743739396002,37.61747008430649,노원구,3800,85.0,86.5,77
127.057420400121,37.6174796696755,노원구,3800,85.0,86.5,77
127.05738733353901,37.617504741656795,노원구,3800,85.0,86.5,77
127.05716202514999,37.61773403063661,노원구,3800,85.0,86.5,77
127.057112972223,37.617784265383,노원구,3800,85.0,86.5,77
127.057052296498,37.6178463804403,노원구,3800,85.0,86.5,77
127.057047554189,37.6178512840631,노원구,3800,85.0,86.5,77
127.056340735604,37.6185469818451,노원구,3800,85.0,86.5,77
127.05623836677401,37.6186436147423,노원구,3800,85.0,86.5,77
127.05621003546,37.618670369132296,노원구,3800,85.0,86.5,77
127.05616882121001,37.61870670679821,노원구,3800,85.0,86.5,77
127.05613168173599,37.6187393845306,노원구,3800,85.0,86.5,77
127.05606036838002,37.6188026571618,노원구,3800,85.0,86.5,77
127.055933239342,37.618915446178896,노원구,3800,85.0,86.5,77
127.05570787630501,37.6190662028766,노원구,3800,85.0,86.5,77
127.055586159565,37.6191476174924,노원구,3801,133.5,135.5,89
127.0555575061,37.619167335162004,노원구,3801,133.5,135.5,89
127.055535744201,37.6191788867357,노원구,3801,133.5,135.5,89
127.055299973389,37.6193035545065,노원구,3801,133.5,135.5,89
127.05514830745001,37.61938375710221,노원구,3801,133.5,135.5,89
127.055105937148,37.6194048050885,노원구,3801,133.5,135.5,89
127.055078173045,37.619418503420206,노원구,3801,133.5,135.5,89
127.054807906271,37.6195519982373,노원구,3801,133.5,135.5,89
127.054479428207,37.6197490012744,노원구,3726,29.0,29.0,25
127.054451826019,37.6197671410464,노원구,3726,29.0,29.0,25
127.05440808982401,37.6197958931488,노원구,3726,29.0,29.0,25
127.054277390156,37.619910934415,노원구,3726,29.0,29.0,25
127.05418948056801,37.6199900981576,노원구,3726,29.0,29.0,25
127.054121742261,37.6200506651783,노원구,3726,29.0,29.0,25
127.054102316845,37.62006742313661,노원구,3726,29.0,29.0,25
127.054081759692,37.6200861546896,노원구,3726,29.0,29.0,25
127.054068675389,37.6200991165064,노원구,3726,29.0,29.0,25
127.0540650195,37.62010298293461,노원구,3726,29.0,29.0,25
127.05405399516,37.620114610839295,노원구,3726,29.0,29.0,25
127.05386788441601,37.6203147832924,노원구,3726,29.0,29.0,25
127.053759894638,37.6204309225277,노원구,3726,29.0,29.0,25
127.053750511232,37.6204412243827,노원구,3726,29.0,29.0,25
127.05373424726002,37.620459089507996,노원구,3726,29.0,29.0,25
127.053706562041,37.62048963576471,노원구,3726,29.0,29.0,25
127.053677394991,37.620521813716394,노원구,3726,29.0,29.0,25
127.053643166924,37.62055851639421,노원구,3726,29.0,29.0,25
127.053506476091,37.6207269522987,노원구,3726,29.0,29.0,25
127.052705856947,37.6215936487011,노원구,3726,29.0,29.0,25
127.052429922251,37.62183900574609,노원구,3726,29.0,29.0,25
127.05208146301001,37.62214379444521,노원구,3726,29.0,29.0,25
127.052069612089,37.6221567560574,노원구,3726,29.0,29.0,25
127.052081840016,37.6221818791614,노원구,3726,29.0,29.0,25
127.052111264061,37.6222423312979,노원구,3726,29.0,29.0,25
127.051757497112,37.6225589516052,노원구,3726,29.0,29.0,25
127.051616762206,37.622689364803,노원구,3726,29.0,29.0,25
127.05161279965401,37.6226930338645,노원구,3726,29.0,29.0,25
127.05119588194401,37.6230493764757,노원구,3726,29.0,29.0,25
127.050586592519,37.6234697131836,노원구,3727,42.0,42.0,45
127.05049142668699,37.62355140839821,노원구,3727,42.0,42.0,45
127.050211863123,37.623847928463896,노원구,3727,42.0,42.0,45
127.05020701850201,37.6238530655628,노원구,3727,42.0,42.0,45
127.050194452473,37.623864486418206,노원구,3727,42.0,42.0,45
127.04996396953199,37.6240739055964,노원구,3727,42.0,42.0,45
127.049736657447,37.624266304274286,노원구,3727,42.0,42.0,45
127.049716256671,37.6242844311842,노원구,3727,42.0,42.0,45
127.04965864273198,37.6243347564606,노원구,3727,42.0,42.0,45
127.04953306955099,37.624484036757295,노원구,3727,42.0,42.0,45
127.04943457510299,37.624625134199206,노원구,3727,42.0,42.0,45
127.049273131814,37.6248546700579,노원구,3727,42.0,42.0,45
127.04915237984699,37.6250706657788,노원구,3727,42.0,42.0,45
127.048988317971,37.625371154417,노원구,3727,42.0,42.0,45
127.04896302834699,37.6254150873332,노원구,3727,42.0,42.0,45
127.04865054565201,37.62583923101771,노원구,3727,42.0,42.0,45
127.048539286815,37.6259533127467,노원구,3652,49.0,49.5,45
127.048187797308,37.626286814614396,노원구,3652,49.0,49.5,45
127.04803939796899,37.62644595016,노원구,3652,49.0,49.5,45
127.047526316989,37.6270861258978,노원구,3652,49.0,49.5,45
127.04705716933998,37.627521877164,노원구,3653,37.0,37.5,35
127.046344092075,37.627930969428704,노원구,3653,37.0,37.5,35
127.04610907976499,37.6280118672201,노원구,3653,37.0,37.5,35
127.045267130257,37.6284170553883,노원구,3653,37.0,37.5,35
127.04442535430799,37.628822525615,노원구,3653,37.0,37.5,35
127.043800836179,37.6293678432404,노원구,3653,37.0,37.5,35
127.043258452833,37.6299348060897,노원구,3653,37.0,37.5,35
127.04259885042299,37.630451415363396,노원구,3578,108.0,108.5,89
127.04256935995899,37.630571364008006,노원구,3578,108.0,108.5,89
127.042548844984,37.6306144557824,노원구,3578,108.0,108.5,89
127.042656096081,37.6309075158443,노원구,3578,108.0,108.5,89
127.042649016902,37.630909770758294,노원구,3578,108.0,108.5,89
127.041657875613,37.6314670250142,노원구,3579,103.0,103.5,75
127.041794078984,37.631608603361286,노원구,3579,103.0,103.5,75
127.04180701231701,37.6316221136235,노원구,3579,103.0,103.5,75
127.04181267989901,37.6316280221599,노원구,3579,103.0,103.5,75
127.041822949622,37.631638722171395,노원구,3579,103.0,103.5,75
127.04183676694599,37.631652790840505,노원구,3579,103.0,103.5,75
127.04203371526,37.63185656976,노원구,3579,103.0,103.5,75
127.04206133932301,37.631885283359296,노원구,3579,103.0,103.5,75
127.042072141842,37.6318965418778,노원구,3579,103.0,103.5,75
127.042192409072,37.6320223487592,노원구,3579,103.0,103.5,75
127.042331617943,37.6321673046548,노원구,3579,103.0,103.5,75
127.042426551349,37.6322661000483,노원구,3579,103.0,103.5,75
127.04243717027201,37.6322739799274,노원구,3579,103.0,103.5,75
127.04256217837799,37.6323237696801,노원구,3579,103.0,103.5,75
127.042568910615,37.632329119097,노원구,3579,103.0,103.5,75
127.042626541402,37.6325154839808,노원구,3579,103.0,103.5,75
127.04269474123801,37.6326173883249,노원구,3579,103.0,103.5,75
127.042736180429,37.6326345465574,노원구,3654,20.0,20.0,17
127.04280365665501,37.632697870257,노원구,3654,20.0,20.0,17
127.042852168099,37.6327198195699,노원구,3654,20.0,20.0,17
127.042955753582,37.6327696164035,노원구,3654,20.0,20.0,17
127.043025320425,37.632781980406,노원구,3654,20.0,20.0,17
127.04308977633998,37.632812365733706,노원구,3654,20.0,20.0,17
127.0431556603,37.632883862055394,노원구,3654,20.0,20.0,17
127.04332086692499,37.6329781176605,노원구,3654,20.0,20.0,17
127.04344482564899,37.633053539960606,노원구,3654,20.0,20.0,17
127.043516537291,37.63309208539121,노원구,3654,20.0,20.0,17
127.043491840767,37.6332542702592,노원구,3654,20.0,20.0,17
127.043502287842,37.633257365854995,노원구,3654,20.0,20.0,17
127.043579304867,37.633281547818605,노원구,3654,20.0,20.0,17
127.04358549673701,37.6332725358293,노원구,3654,20.0,20.0,17
127.043743250228,37.633326817534794,노원구,3654,20.0,20.0,17
127.043917157096,37.633477957179714,노원구,3654,20.0,20.0,17
127.043947452643,37.6335207334054,노원구,3654,20.0,20.0,17
127.04399616652701,37.6335773157199,노원구,3654,20.0,20.0,17
127.044029839219,37.633641777643795,노원구,3654,20.0,20.0,17
127.044026860693,37.6337042884752,노원구,3654,20.0,20.0,17
127.04407290373501,37.63372594946689,노원구,3654,20.0,20.0,17
127.044102122075,37.6337467696467,노원구,3654,20.0,20.0,17
127.044139162226,37.6338157440114,노원구,3654,20.0,20.0,17
127.044134410471,37.633866705103,노원구,3654,20.0,20.0,17
127.044161912151,37.6339762181197,노원구,3654,20.0,20.0,17
127.044184026403,37.6339559381187,노원구,3654,20.0,20.0,17
127.04417960711099,37.6339739592785,노원구,3654,20.0,20.0,17
127.044207074914,37.6340240613025,노원구,3654,20.0,20.0,17
127.044261278168,37.634091336232096,노원구,3654,20.0,20.0,17
127.044262003708,37.63411217548671,노원구,3654,20.0,20.0,17
127.044298330578,37.6341811412569,노원구,3654,20.0,20.0,17
127.04428737091,37.634212958818004,노원구,3654,20.0,20.0,17
127.04427697377199,37.6342780041393,노원구,3654,20.0,20.0,17
127.04430162211901,37.634369498588704,노원구,3654,20.0,20.0,17
127.044366631116,37.634432543463504,노원구,3654,20.0,20.0,17
127.04443658685499,37.634487991099604,노원구,3654,20.0,20.0,17
127.04445149821,37.6345701905708,노원구,3654,20.0,20.0,17
127.044523839676,37.634774299204004,노원구,3654,20.0,20.0,17
127.044510237304,37.634820758637794,노원구,3654,20.0,20.0,17
127.044503699494,37.6348390599349,노원구,3654,20.0,20.0,17
127.04450094128799,37.6349677384533,노원구,3654,20.0,20.0,17
127.04457132686301,37.6351583237386,노원구,3654,20.0,20.0,17
127.044579521578,37.6352636181425,노원구,3654,20.0,20.0,17
127.044611097995,37.6353635610503,노원구,3654,20.0,20.0,17
127.04466300627199,37.6354370258914,노원구,3654,20.0,20.0,17
127.04471595933599,37.635475576884,노원구,3654,20.0,20.0,17
127.04476820993901,37.635533283788,노원구,3655,0.0,0.0,0
127.044809685528,37.6356095723408,노원구,3655,0.0,0.0,0
127.044881583358,37.63567035259761,노원구,3655,0.0,0.0,0
127.04489950635,37.635748055348,노원구,3655,0.0,0.0,0
127.044950882001,37.635801257600896,노원구,3655,0.0,0.0,0
127.04495194583001,37.635818429899395,노원구,3655,0.0,0.0,0
127.044992158143,37.6358645902042,노원구,3655,0.0,0.0,0
127.04498388275101,37.6359341396766,노원구,3655,0.0,0.0,0
127.045023768385,37.6360425216687,노원구,3655,0.0,0.0,0
127.04501799890801,37.636153461083396,노원구,3655,0.0,0.0,0
127.045039651723,37.6362542455865,노원구,3655,0.0,0.0,0
127.04503936678002,37.6363679941314,노원구,3655,0.0,0.0,0
127.045007406493,37.6365045581509,노원구,3655,0.0,0.0,0
127.045002655,37.636555239898,노원구,3655,0.0,0.0,0
127.04502857685199,37.636690944506896,노원구,3655,0.0,0.0,0
127.045037798647,37.636709807526,노원구,3655,0.0,0.0,0
127.045118936825,37.6368190211162,노원구,3655,0.0,0.0,0
127.045131511455,37.63683618915621,노원구,3655,0.0,0.0,0
127.045177684049,37.63707661609021,노원구,3655,0.0,0.0,0
127.045194349094,37.63711405405579,노원구,3655,0.0,0.0,0
127.045242537862,37.6371987915648,노원구,3655,0.0,0.0,0
127.04527730743999,37.637311959587,노원구,3655,0.0,0.0,0
127.045334344151,37.6373752950068,노원구,3655,0.0,0.0,0
127.045358614239,37.6373980897875,노원구,3655,0.0,0.0,0
127.045333706548,37.6374859443514,노원구,3655,0.0,0.0,0
127.045425438162,37.637535743375395,노원구,3655,0.0,0.0,0
127.045545733997,37.63770378497461,노원구,3655,0.0,0.0,0
127.046001874099,37.6379040813951,노원구,3655,0.0,0.0,0
127.04601303558901,37.6379257635567,노원구,3655,0.0,0.0,0
127.046122005329,37.6383812747421,노원구,3655,0.0,0.0,0
127.04615753906499,37.6385953781666,노원구,3655,0.0,0.0,0
127.046166067195,37.6386467670551,노원구,3655,0.0,0.0,0
127.046266695066,37.6387725864126,노원구,3655,0.0,0.0,0
127.046269355638,37.638788064353,노원구,3655,0.0,0.0,0
127.046239118018,37.6388488917881,노원구,3655,0.0,0.0,0
127.04624125484101,37.6388593151277,노원구,3655,0.0,0.0,0
127.046449412444,37.6391120684118,노원구,3655,0.0,0.0,0
127.046469623191,37.6391469735847,노원구,3655,0.0,0.0,0
127.046502254431,37.6392426899865,노원구,3655,0.0,0.0,0
127.04652156633,37.6392708381628,노원구,3655,0.0,0.0,0
127.04666856595301,37.6393727001115,노원구,3655,0.0,0.0,0
127.04667192752399,37.639385375966896,노원구,3655,0.0,0.0,0
127.046647555919,37.6394777354592,노원구,3655,0.0,0.0,0
127.04665163555599,37.63949884340421,노원구,3655,0.0,0.0,0
127.046766491037,37.6397094028439,노원구,3656,0.0,0.0,0
127.046749673994,37.6397223657882,노원구,3656,0.0,0.0,0
127.04663358939301,37.639801813244794,노원구,3656,0.0,0.0,0
127.046625097317,37.639810816914895,노원구,3656,0.0,0.0,0
127.046597881102,37.639883473551,노원구,3656,0.0,0.0,0
127.04659754392401,37.63990684497521,노원구,3656,0.0,0.0,0
127.04662379373899,37.6399972120171,노원구,3656,0.0,0.0,0
127.046620987095,37.6400400095053,노원구,3656,0.0,0.0,0
127.046490675555,37.6402959908632,노원구,3656,0.0,0.0,0
127.046478841141,37.6403427379605,노원구,3656,0.0,0.0,0
127.046491517479,37.640527144731294,노원구,3656,0.0,0.0,0
127.04650804929199,37.6406417342009,노원구,3656,0.0,0.0,0
127.046541257557,37.6408100960213,노원구,3656,0.0,0.0,0
127.046547876776,37.6409266530001,노원구,3656,0.0,0.0,0
127.046522246119,37.6409998671613,노원구,3656,0.0,0.0,0
127.046524409706,37.6410544924667,노원구,3656,0.0,0.0,0
127.04656941716699,37.64111726432571,노원구,3656,0.0,0.0,0
127.046586597075,37.6411411877669,노원구,3656,0.0,0.0,0
127.04671730667299,37.6412230632159,노원구,3656,0.0,0.0,0
127.046749518741,37.641223050872505,노원구,3656,0.0,0.0,0
127.047571662717,37.6412033082891,노원구,3656,0.0,0.0,0
127.047811713407,37.6411981507574,노원구,3656,0.0,0.0,0
127.047810303237,37.6412079985975,노원구,3656,0.0,0.0,0
127.047785996699,37.6414039706206,노원구,3656,0.0,0.0,0
127.047856836747,37.641445622354105,노원구,3656,0.0,0.0,0
127.048022962777,37.641557052892296,노원구,3656,0.0,0.0,0
127.048487334997,37.641845460922106,노원구,3656,0.0,0.0,0
127.048536569687,37.64187049753321,노원구,3656,0.0,0.0,0
127.04870372100099,37.641916047162,노원구,3731,3.0,3.0,3
127.048758787539,37.64193545024229,노원구,3731,3.0,3.0,3
127.049036697061,37.6421470682097,노원구,3731,3.0,3.0,3
127.04906186009501,37.642179997839,노원구,3731,3.0,3.0,3
127.04911011588,37.6423393430585,노원구,3731,3.0,3.0,3
127.04928577214199,37.6426768502145,노원구,3731,3.0,3.0,3
127.049381943797,37.642728058693706,노원구,3731,3.0,3.0,3
127.049402494067,37.6427581696165,노원구,3731,3.0,3.0,3
127.04941354028601,37.6428626248721,노원구,3731,3.0,3.0,3
127.049720415597,37.6435120499744,노원구,3731,3.0,3.0,3
127.049759015829,37.6435247019833,노원구,3731,3.0,3.0,3
127.049877463623,37.643538735656,노원구,3731,3.0,3.0,3
127.04993359119499,37.643549695491,노원구,3731,3.0,3.0,3
127.05009846420401,37.6436216965043,노원구,3731,3.0,3.0,3
127.05010489943899,37.643620973469204,노원구,3731,3.0,3.0,3
127.050242918722,37.6436053116891,노원구,3731,3.0,3.0,3
127.050250181537,37.6436053086897,노원구,3731,3.0,3.0,3
127.05039804117399,37.643666910315396,노원구,3731,3.0,3.0,3
127.05043240479799,37.643681257588895,노원구,3731,3.0,3.0,3
127.050444793232,37.643687162911796,노원구,3731,3.0,3.0,3
127.05047649471202,37.6437020699874,노원구,3732,45.0,46.5,40
127.050483759937,37.6437057249904,노원구,3732,45.0,46.5,40
127.050489245716,37.643708253960796,노원구,3732,45.0,46.5,40
127.05049615926,37.6437113509478,노원구,3732,45.0,46.5,40
127.05051262785601,37.64371922765579,노원구,3732,45.0,46.5,40
127.05054078208799,37.6437327306106,노원구,3732,45.0,46.5,40
127.05055069934099,37.643737231372704,노원구,3732,45.0,46.5,40
127.050588419345,37.643754955868,노원구,3732,45.0,46.5,40
127.050601703063,37.6437614283117,노원구,3732,45.0,46.5,40
127.050692728502,37.64380559237461,노원구,3732,45.0,46.5,40
127.050690261752,37.64381094515071,노원구,3732,45.0,46.5,40
127.05052367638201,37.644100453171504,노원구,3732,45.0,46.5,40
127.05052428360901,37.6442142012045,노원구,3732,45.0,46.5,40
127.050519527796,37.64425334154621,노원구,3732,45.0,46.5,40
127.050410627768,37.6444943885822,노원구,3732,45.0,46.5,40
127.050379498489,37.6445405765208,노원구,3732,45.0,46.5,40
127.050355272835,37.64459155517989,노원구,3732,45.0,46.5,40
127.05035298427201,37.6446092963006,노원구,3732,45.0,46.5,40
127.05046715125401,37.644831393795,노원구,3732,45.0,46.5,40
127.05048236648099,37.6448280088204,노원구,3732,45.0,46.5,40
127.05052999531901,37.6448195379926,노원구,3732,45.0,46.5,40
127.050733744651,37.6447836929314,노원구,3732,45.0,46.5,40
127.05092524748501,37.6446999937733,노원구,3732,45.0,46.5,40
127.05095729634,37.6447081520469,노원구,3732,45.0,46.5,40
127.051031402002,37.6447288521194,노원구,3732,45.0,46.5,40
127.051051857765,37.6447345741705,노원구,3732,45.0,46.5,40
127.051068505779,37.644739351417996,노원구,3732,45.0,46.5,40
127.051093120858,37.64474637720721,노원구,3732,45.0,46.5,40
127.051113836168,37.6447503152228,노원구,3732,45.0,46.5,40
127.051166417869,37.644760429094,노원구,3732,45.0,46.5,40
127.051209279291,37.6447733669864,노원구,3732,45.0,46.5,40
127.05122999610902,37.6447795480735,노원구,3732,45.0,46.5,40
127.051240977633,37.644782642752396,노원구,3732,45.0,46.5,40
127.051352879317,37.6448155352934,노원구,3732,45.0,46.5,40
127.051417578059,37.644662062602,노원구,3732,45.0,46.5,40
127.05143137794,37.6446437485324,노원구,3732,45.0,46.5,40
127.051459499522,37.6446077069239,노원구,3732,45.0,46.5,40
127.051480375448,37.6445809481481,노원구,3732,45.0,46.5,40
127.05149382473302,37.64456376044,노원구,3732,45.0,46.5,40
127.05153769381,37.6445077195266,노원구,3732,45.0,46.5,40
127.05154317231899,37.6444992661504,노원구,3732,45.0,46.5,40
127.05154669845501,37.6444865968735,노원구,3732,45.0,46.5,40
127.051549703584,37.644472522241394,노원구,3732,45.0,46.5,40
127.05155376982799,37.644453654122714,노원구,3732,45.0,46.5,40
127.051555882383,37.6444440759526,노원구,3732,45.0,46.5,40
127.051558356005,37.6444325333421,노원구,3732,45.0,46.5,40
127.051565065991,37.6444021225403,노원구,3732,45.0,46.5,40
127.051567709168,37.6443897329926,노원구,3732,45.0,46.5,40
127.051572645144,37.6443663596217,노원구,3732,45.0,46.5,40
127.051575649759,37.644352564344295,노원구,3732,45.0,46.5,40
127.051616769793,37.6441515209103,노원구,3732,45.0,46.5,40
127.05162188825399,37.6441301205447,노원구,3732,45.0,46.5,40
127.051690505285,37.6440264790871,노원구,3732,45.0,46.5,40
127.05169404805099,37.64402112583279,노원구,3732,45.0,46.5,40
127.051726228418,37.643973243366,노원구,3732,45.0,46.5,40
127.05172888880301,37.643969016156795,노원구,3732,45.0,46.5,40
127.05173225075501,37.6439642310378,노원구,3732,45.0,46.5,40
127.05173719727101,37.643956633542,노원구,3732,45.0,46.5,40
127.051775560803,37.64386961006071,노원구,3732,45.0,46.5,40
127.05179111557699,37.643832716956794,노원구,3732,45.0,46.5,40
127.05180826558399,37.6437924544071,노원구,3732,45.0,46.5,40
127.051872250397,37.6436423604066,노원구,3731,3.0,3.0,3
127.05187878735,37.643624328736294,노원구,3731,3.0,3.0,3
127.051881082746,37.6436172916265,노원구,3731,3.0,3.0,3
127.051882676843,37.6436122273521,노원구,3731,3.0,3.0,3
127.051891507098,37.643584068063895,노원구,3731,3.0,3.0,3
127.051893089625,37.643579283149705,노원구,3731,3.0,3.0,3
127.051895566516,37.6435716779025,노원구,3731,3.0,3.0,3
127.051936731875,37.6434396131346,노원구,3731,3.0,3.0,3
127.05194327146201,37.643425528181,노원구,3731,3.0,3.0,3
127.051958129146,37.6433970869553,노원구,3731,3.0,3.0,3
127.05196254252,37.6433886340134,노원구,3731,3.0,3.0,3
127.051969795797,37.6433745575517,노원구,3731,3.0,3.0,3
127.051981111699,37.6433528751621,노원구,3731,3.0,3.0,3
127.05198447246,37.6433463957555,노원구,3731,3.0,3.0,3
127.05198676955,37.6433418898898,노원구,3731,3.0,3.0,3
127.051993310265,37.6433294986632,노원구,3731,3.0,3.0,3
127.05199560735399,37.643324992797396,노원구,3731,3.0,3.0,3
127.05200020152999,37.643315981065506,노원구,3731,3.0,3.0,3
127.052004444958,37.64330780700021,노원구,3731,3.0,3.0,3
127.052012749944,37.643291478194,노원구,3731,3.0,3.0,3
127.05202124836799,37.64327486060029,노원구,3731,3.0,3.0,3
127.052041933384,37.6432345959498,노원구,3731,3.0,3.0,3
127.05209320075701,37.6431292679397,노원구,3731,3.0,3.0,3
127.05209867700701,37.6431177240284,노원구,3731,3.0,3.0,3
127.05213191973101,37.643049569013,노원구,3731,3.0,3.0,3
127.05220172941401,37.64286962251371,노원구,3731,3.0,3.0,3
127.052205972226,37.6428606109241,노원구,3731,3.0,3.0,3
127.05220843872499,37.6428561143294,노원구,3731,3.0,3.0,3
127.05221640627701,37.6428420287458,노원구,3731,3.0,3.0,3
127.05222117021499,37.6428335844414,노원구,3731,3.0,3.0,3
127.052224532003,37.6428276637381,노원구,3731,3.0,3.0,3
127.052227191439,37.6428231577117,노원구,3731,3.0,3.0,3
127.052233030597,37.642812460502896,노원구,3731,3.0,3.0,3
127.052243985297,37.6427927425289,노원구,3731,3.0,3.0,3
127.05224646335199,37.6427879572243,노원구,3731,3.0,3.0,3
127.05224999437799,37.642781756542,노원구,3731,3.0,3.0,3
127.05225388721,37.6427747187371,노원구,3731,3.0,3.0,3
127.052256716385,37.6427696539258,노원구,3731,3.0,3.0,3
127.05225901363,37.6427654274099,노원구,3731,3.0,3.0,3
127.05226290646002,37.6427583890548,노원구,3731,3.0,3.0,3
127.052269798199,37.6427457183051,노원구,3731,3.0,3.0,3
127.05227210650801,37.64274149178421,노원구,3731,3.0,3.0,3
127.05228254052,37.6427229002513,노원구,3731,3.0,3.0,3
127.052286071356,37.64271642956079,노원구,3731,3.0,3.0,3
127.052289069762,37.6427110765217,노원구,3731,3.0,3.0,3
127.052292612537,37.6427048763829,노원구,3731,3.0,3.0,3
127.052301807016,37.64267981621021,노원구,3731,3.0,3.0,3
127.052324597409,37.642620116690004,노원구,3731,3.0,3.0,3
127.052327425997,37.6426142050117,노원구,3731,3.0,3.0,3
127.05239957811199,37.642497605653,노원구,3731,3.0,3.0,3
127.05241495310601,37.6424646592585,노원구,3731,3.0,3.0,3
127.052424688577,37.6424511404072,노원구,3731,3.0,3.0,3
127.052429816681,37.642444380868795,노원구,3731,3.0,3.0,3
127.052496324243,37.64235848000379,노원구,3731,3.0,3.0,3
127.05250075086799,37.6423534056975,노원구,3731,3.0,3.0,3
127.052534179185,37.6423089099194,노원구,3731,3.0,3.0,3
127.052541424068,37.6422990501534,노원구,3731,3.0,3.0,3
127.05257025443501,37.642257925667295,노원구,3731,3.0,3.0,3
127.05257644616002,37.642249201924294,노원구,3731,3.0,3.0,3
127.05258316998899,37.6422399098909,노원구,3731,3.0,3.0,3
127.052627034173,37.64217991303161,노원구,3731,3.0,3.0,3
127.052656035538,37.642140203374794,노원구,3731,3.0,3.0,3
127.05266966299,37.6421196461339,노원구,3731,3.0,3.0,3
127.05267549153999,37.64210978697329,노원구,3731,3.0,3.0,3
127.052851787482,37.6418064775865,노원구,3731,3.0,3.0,3
127.052858511039,37.641796897382704,노원구,3731,3.0,3.0,3
127.052967832071,37.6416740916655,노원구,3731,3.0,3.0,3
127.053150594033,37.6415000150682,노원구,3731,3.0,3.0,3
127.053392255964,37.6412701599555,노원구,3731,3.0,3.0,3
127.053508330135,37.6411659290085,노원구,3731,3.0,3.0,3
127.053565478414,37.6411152238598,노원구,3731,3.0,3.0,3
127.053579984441,37.6411036758925,노원구,3731,3.0,3.0,3
127.053584933132,37.6410997363339,노원구,3731,3.0,3.0,3
127.05359006378599,37.6410969141175,노원구,3731,3.0,3.0,3
127.05369160214899,37.640979174196296,노원구,3731,3.0,3.0,3
127.053697615011,37.6409741084911,노원구,3731,3.0,3.0,3
127.05371266571899,37.6409642451989,노원구,3731,3.0,3.0,3
127.05375088818998,37.6409400189276,노원구,3731,3.0,3.0,3
127.053774772822,37.6409245206103,노원구,3731,3.0,3.0,3
127.053803266663,37.6409062090921,노원구,3731,3.0,3.0,3
127.05381211145901,37.640900285362,노원구,3731,3.0,3.0,3
127.053834229091,37.6408856440298,노원구,3731,3.0,3.0,3
127.053874568178,37.640858308673,노원구,3731,3.0,3.0,3
127.053879347313,37.640855216042794,노원구,3731,3.0,3.0,3
127.05389155534999,37.640846759565896,노원구,3731,3.0,3.0,3
127.05390022962,37.6408402777435,노원구,3731,3.0,3.0,3
127.05391809918501,37.640826755154,노원구,3731,3.0,3.0,3
127.053956498941,37.64079717698621,노원구,3731,3.0,3.0,3
127.053986043426,37.6407743600713,노원구,3731,3.0,3.0,3
127.054023197566,37.6407456205024,노원구,3731,3.0,3.0,3
127.05403098842699,37.64073970657329,노원구,3731,3.0,3.0,3
127.054045492722,37.6407259061063,노원구,3731,3.0,3.0,3
127.054053633288,37.64071773022889,노원구,3731,3.0,3.0,3
127.054059294606,37.6407123853058,노원구,3731,3.0,3.0,3
127.054080693206,37.6406912569265,노원구,3731,3.0,3.0,3
127.05408565300199,37.64068647047621,노원구,3731,3.0,3.0,3
127.05410811645201,37.64066421539611,노원구,3731,3.0,3.0,3
127.05412687741399,37.6406459081364,노원구,3731,3.0,3.0,3
127.054240104107,37.64053999279579,노원구,3731,3.0,3.0,3
127.054276540583,37.640505901165795,노원구,3731,3.0,3.0,3
127.05428114856701,37.6405014035686,노원구,3731,3.0,3.0,3
127.054288576418,37.640494642918895,노원구,3731,3.0,3.0,3
127.05432219297701,37.6404628055282,노원구,3731,3.0,3.0,3
127.054327141185,37.6404582984284,노원구,3731,3.0,3.0,3
127.054388895442,37.64041744745,노원구,3731,3.0,3.0,3
127.054534883836,37.64032165313071,노원구,3806,5.0,5.0,7
127.054558228824,37.6402965864134,노원구,3806,5.0,5.0,7
127.054585831039,37.6402678509584,노원구,3806,5.0,5.0,7
127.05459237486001,37.6402608113312,노원구,3806,5.0,5.0,7
127.05459626933902,37.6402565840496,노원구,3806,5.0,5.0,7
127.05459998304,37.6402529243592,노원구,3806,5.0,5.0,7
127.05460670784099,37.640245605294105,노원구,3806,5.0,5.0,7
127.054621029746,37.640230390461504,노원구,3806,5.0,5.0,7
127.05463748017,37.6402132103806,노원구,3806,5.0,5.0,7
127.05465392968901,37.6401957421433,노원구,3806,5.0,5.0,7
127.054673044597,37.6401805339445,노원구,3806,5.0,5.0,7
127.054692510098,37.6401653167859,노원구,3806,5.0,5.0,7
127.054702418501,37.6401577169248,노원구,3806,5.0,5.0,7
127.054708080321,37.6401532001386,노원구,3806,5.0,5.0,7
127.054715508703,37.640147286876996,노원구,3806,5.0,5.0,7
127.054728429188,37.640137423864395,노원구,3806,5.0,5.0,7
127.054771983119,37.6401545862409,노원구,3806,5.0,5.0,7
127.05485663596001,37.6401945244652,노원구,3806,5.0,5.0,7
127.055038692314,37.6402800348534,노원구,3806,5.0,5.0,7
127.055183551521,37.64034838920671,노원구,3806,5.0,5.0,7
127.055407929412,37.6404533048854,노원구,3806,5.0,5.0,7
127.055723331624,37.6406012629194,노원구,3806,5.0,5.0,7
127.05577698684,37.64062629448321,노원구,3806,5.0,5.0,7
127.05512918645,37.6413223159587,노원구,3806,5.0,5.0,7
127.05512300929199,37.641334427842395,노원구,3806,5.0,5.0,7
127.05504448672701,37.6419448753312,노원구,3806,5.0,5.0,7
127.055035326782,37.6420166694788,노원구,3806,5.0,5.0,7
127.05499414569701,37.6423554013169,노원구,3806,5.0,5.0,7
127.05500536169399,37.642433105479796,노원구,3806,5.0,5.0,7
127.05505089687401,37.642747021113,노원구,3806,5.0,5.0,7
127.055056419547,37.6427844632523,노원구,3806,5.0,5.0,7
127.05507189597601,37.6428934202988,노원구,3806,5.0,5.0,7
127.055149841116,37.6434488911137,노원구,3806,5.0,5.0,7
127.05515179803801,37.6434601524318,노원구,3806,5.0,5.0,7
127.055156057938,37.643475358874895,노원구,3806,5.0,5.0,7
127.055201103897,37.643579509408795,노원구,3806,5.0,5.0,7
127.055210501063,37.643600903327,노원구,3806,5.0,5.0,7
127.05521829808599,37.643618639954795,노원구,3806,5.0,5.0,7
127.055228580012,37.64364228591021,노원구,3806,5.0,5.0,7
127.055650636872,37.644598254349496,노원구,3807,24.0,24.5,19
127.055666295126,37.6447063643355,노원구,3807,24.0,24.5,19
127.055872923708,37.6459513015794,노원구,3807,24.0,24.5,19
127.055871780115,37.646559181669296,노원구,3807,24.0,24.5,19
127.055871976506,37.6465952206239,노원구,3807,24.0,24.5,19
127.055824682265,37.6470488297505,노원구,3807,24.0,24.5,19
127.055822390009,37.6470598136508,노원구,3807,24.0,24.5,19
127.055821159527,37.6470662833836,노원구,3807,24.0,24.5,19
127.055776642957,37.6472110275391,노원구,3807,24.0,24.5,19
127.055706517598,37.6474337626253,노원구,3807,24.0,24.5,19
127.05566694512301,37.6475531601112,노원구,3807,24.0,24.5,19
127.05563320646799,37.6476548240905,노원구,3807,24.0,24.5,19
127.055618179902,37.64770043849001,노원구,3807,24.0,24.5,19
127.055580732675,37.647812518936895,노원구,3808,14.0,15.0,18
127.05556977664,37.6478454636894,노원구,3808,14.0,15.0,18
127.055450888818,37.6482056290999,노원구,3808,14.0,15.0,18
127.055438166345,37.6482405477298,노원구,3808,14.0,15.0,18
127.055379983577,37.6483394022946,노원구,3808,14.0,15.0,18
127.055263980585,37.6485379492339,노원구,3808,14.0,15.0,18
127.055196604661,37.648648628798796,노원구,3808,14.0,15.0,18
127.055116132409,37.6487798743825,노원구,3808,14.0,15.0,18
127.055073871134,37.6488488723318,노원구,3808,14.0,15.0,18
127.055057777117,37.648875620205494,노원구,3808,14.0,15.0,18
127.055054947707,37.648880415072,노원구,3808,14.0,15.0,18
127.055048054867,37.6488916803966,노원구,3808,14.0,15.0,18
127.055001900688,37.6489688429782,노원구,3808,14.0,15.0,18
127.054966352394,37.6490296749505,노원구,3808,14.0,15.0,18
127.05495468354601,37.649049104776005,노원구,3808,14.0,15.0,18
127.054934525806,37.649082062978295,노원구,3808,14.0,15.0,18
127.054792168348,37.64931919218071,노원구,3808,14.0,15.0,18
127.05476881880199,37.6493572148335,노원구,3808,14.0,15.0,18
127.054747950758,37.649395236362,노원구,3808,14.0,15.0,18
127.05473027576299,37.649430157142895,노원구,3808,14.0,15.0,18
127.05472673335699,37.6494360691938,노원구,3808,14.0,15.0,18
127.054654414661,37.6495619590253,노원구,3808,14.0,15.0,18
127.054435245445,37.6498560008321,노원구,3733,37.0,38.0,29
127.054226165984,37.650144127257796,노원구,3733,37.0,38.0,29
127.053960342494,37.650552495857895,노원구,3733,37.0,38.0,29
127.05394902746401,37.650576151494,노원구,3733,37.0,38.0,29
127.053833443276,37.6511238247577,노원구,3733,37.0,38.0,29
127.053829562601,37.6511486033027,노원구,3733,37.0,38.0,29
127.053745910185,37.652053561889,노원구,3734,230.0,230.0,135
127.053747892655,37.6521002947051,노원구,3734,230.0,230.0,135
127.053839455618,37.6526352081859,노원구,3734,230.0,230.0,135
127.05392420978501,37.653057781485295,노원구,3734,230.0,230.0,135
127.05394058091801,37.6531656124225,노원구,3734,230.0,230.0,135
127.053942007918,37.6531805407877,노원구,3734,230.0,230.0,135
127.053942545038,37.653187009708795,노원구,3734,230.0,230.0,135
127.053952892115,37.6533010320231,노원구,3734,230.0,230.0,135
127.054000019307,37.65384441659889,노원구,3734,230.0,230.0,135
127.054017891871,37.6540724629941,노원구,3734,230.0,230.0,135
127.054020213745,37.65410286986629,노원구,3734,230.0,230.0,135
127.054022166359,37.6541245558565,노원구,3734,230.0,230.0,135
127.054022886986,37.654133276581994,노원구,3734,230.0,230.0,135
127.05402377806699,37.6541434121538,노원구,3734,230.0,230.0,135
127.0540241332,37.65414876428421,노원구,3734,230.0,230.0,135
127.05402502299201,37.654158052443,노원구,3734,230.0,230.0,135
127.05402932041099,37.6542092984306,노원구,3734,230.0,230.0,135
127.05405255449101,37.654471066289396,노원구,3734,230.0,230.0,135
127.05405358218701,37.6544826794117,노원구,3734,230.0,230.0,135
127.054053768855,37.6544894366404,노원구,3734,230.0,230.0,135
127.05403783882299,37.6547512851622,노원구,3734,230.0,230.0,135
127.05403749083099,37.654756078344995,노원구,3734,230.0,230.0,135
127.054035562723,37.6547859195966,노원구,3734,230.0,230.0,135
127.05403100992201,37.6548543416015,노원구,3734,230.0,230.0,135
127.054028030119,37.6549033290362,노원구,3734,230.0,230.0,135
127.054020876577,37.6550443883437,노원구,3734,230.0,230.0,135
127.054020348951,37.655051434593204,노원구,3734,230.0,230.0,135
127.0540063591,37.6553008938189,노원구,3734,230.0,230.0,135
127.0539487138,37.6554172081071,노원구,3734,230.0,230.0,135
127.053929441213,37.6554549405894,노원구,3734,230.0,230.0,135
127.053915464557,37.6554825342005,노원구,3734,230.0,230.0,135
127.053788148881,37.6557306474328,노원구,3734,230.0,230.0,135
127.053687009872,37.65592861793071,노원구,3734,230.0,230.0,135
127.053666672433,37.655967207049706,노원구,3734,230.0,230.0,135
127.05358055830601,37.65613167296,노원구,3735,11.0,11.5,15
127.05357613722201,37.656145748240704,노원구,3735,11.0,11.5,15
127.053574724986,37.6561519474639,노원구,3735,11.0,11.5,15
127.053599146542,37.656638742336995,노원구,3735,11.0,11.5,15
127.053598308584,37.6567046308724,노원구,3735,11.0,11.5,15
127.053598003022,37.6567702310186,노원구,3735,11.0,11.5,15
127.05341541098801,37.6575020739131,노원구,3735,11.0,11.5,15
127.05340798832701,37.6575178442309,노원구,3735,11.0,11.5,15
127.053382699534,37.6575589579107,노원구,3735,11.0,11.5,15
127.053358644909,37.6575983861147,노원구,3735,11.0,11.5,15
127.053347856918,37.657615842285104,노원구,3735,11.0,11.5,15
127.053332461991,37.6576409145476,노원구,3735,11.0,11.5,15
127.053326983109,37.657649926698,노원구,3735,11.0,11.5,15
127.053323972219,37.657654991602,노원구,3735,11.0,11.5,15
127.05331459924601,37.6576702040602,노원구,3735,11.0,11.5,15
127.05331211968,37.6576744213176,노원구,3735,11.0,11.5,15
127.053201229153,37.6578541066705,노원구,3735,11.0,11.5,15
127.053185301908,37.6578797373058,노원구,3735,11.0,11.5,15
127.052544471637,37.6589124693179,노원구,3735,11.0,11.5,15
127.05179541097601,37.6599218913271,노원구,3735,11.0,11.5,15
127.051481940201,37.65987528207,노원구,3735,11.0,11.5,15
127.05145309056999,37.660422356666395,노원구,3736,32.0,33.5,31
127.05159172821101,37.6606573980054,노원구,3736,32.0,33.5,31
127.05161513512199,37.6606970850342,노원구,3736,32.0,33.5,31
127.051573829877,37.6614291438695,노원구,3736,32.0,33.5,31
127.051569851225,37.6618673430619,노원구,3736,32.0,33.5,31
127.051559319558,37.6630278108912,노원구,3736,32.0,33.5,31
127.051409959237,37.6639662916513,노원구,3736,32.0,33.5,31
127.051167710163,37.663979350294795,노원구,3736,32.0,33.5,31
127.051052641224,37.6643065690454,노원구,3737,14.0,15.0,17
127.051030548081,37.6643693583054,노원구,3737,14.0,15.0,17
127.05088047720601,37.6647962573287,노원구,3737,14.0,15.0,17
127.050868809864,37.6648232914101,노원구,3737,14.0,15.0,17
127.05030613059999,37.6658103699759,노원구,3737,14.0,15.0,17
127.05028188695,37.6658444551968,노원구,3737,14.0,15.0,17
127.04965737847799,37.6665556335944,노원구,3737,14.0,15.0,17
127.049459749274,37.666841773017296,노원구,3737,14.0,15.0,17
127.049274141969,37.6670904627392,노원구,3737,14.0,15.0,17
127.0491016317,37.6673326689341,노원구,3737,14.0,15.0,17
127.04891989985,37.6675841676563,노원구,3737,14.0,15.0,17
127.048728823158,37.6684359429771,노원구,3738,39.0,40.0,35
127.048540089329,37.6690748615882,노원구,3663,195.0,195.5,127
127.048520850079,37.66917539116871,노원구,3663,195.0,195.5,127
127.04840218950599,37.66973432077221,노원구,3663,195.0,195.5,127
127.048365071218,37.6698641296805,노원구,3663,195.0,195.5,127
127.048189599199,37.670477986762,노원구,3663,195.0,195.5,127
127.048187309863,37.6704965746242,노원구,3663,195.0,195.5,127
127.048173014976,37.6708735831339,노원구,3663,195.0,195.5,127
127.04817266776199,37.670880340564295,노원구,3663,195.0,195.5,127
127.04816152612801,37.671188928012704,노원구,3663,195.0,195.5,127
127.048175859095,37.6712892094103,노원구,3663,195.0,195.5,127
127.048326435222,37.6723429452662,노원구,3663,195.0,195.5,127
127.048331224102,37.672369413823,노원구,3663,195.0,195.5,127
127.04844735395399,37.6728423780567,노원구,3664,212.0,212.0,128
127.04874671918002,37.673766034272795,노원구,3739,67.0,67.0,32
127.048761099209,37.6738119239736,노원구,3739,67.0,67.0,32
127.048762883986,37.6738378262025,노원구,3739,67.0,67.0,32
127.04873693194901,37.674795119216,노원구,3739,67.0,67.0,32
127.04884962755199,37.675151516612296,노원구,3739,67.0,67.0,32
127.048863283745,37.67518248643521,노원구,3739,67.0,67.0,32
127.04972063259899,37.6767180164824,노원구,3740,84.0,84.0,59
127.04972524330799,37.6767309616643,노원구,3740,84.0,84.0,59
127.049958951326,37.6774127837416,노원구,3740,84.0,84.0,59
127.050126080068,37.678394773733395,노원구,3740,84.0,84.0,59
127.05026379443501,37.6787855131698,노원구,3740,84.0,84.0,59
127.05039918317199,37.6791706223131,노원구,3740,84.0,84.0,59
127.050403803383,37.6791807656721,노원구,3740,84.0,84.0,59
127.050687535403,37.6796834978312,노원구,3740,84.0,84.0,59
127.050798361668,37.67987885407421,노원구,3740,84.0,84.0,59
127.05089624965099,37.68005083569,노원구,3740,84.0,84.0,59
127.05090015388599,37.6800578794903,노원구,3740,84.0,84.0,59
127.050902627467,37.6800620951573,노원구,3740,84.0,84.0,59
127.050906543466,37.6800691389525,노원구,3740,84.0,84.0,59
127.050917359531,37.680088270708396,노원구,3740,84.0,84.0,59
127.05091966472601,37.680094189513795,노원구,3740,84.0,84.0,59
127.050956625086,37.6802718364414,노원구,3740,84.0,84.0,59
127.050968884567,37.68033067376821,노원구,3740,84.0,84.0,59
127.050976345092,37.6803667094781,노원구,3740,84.0,84.0,59
127.050980427592,37.680385853398796,노원구,3740,84.0,84.0,59
127.05098701232201,37.6804179433278,노원구,3740,84.0,84.0,59
127.050991265093,37.68043821339009,노원구,3740,84.0,84.0,59
127.050995359927,37.68045820416471,노원구,3740,84.0,84.0,59
127.05099944262301,37.6804776274381,노원구,3740,84.0,84.0,59
127.051011349935,37.6805353381425,노원구,3740,84.0,84.0,59
127.051023074681,37.68059108574671,노원구,3740,84.0,84.0,59
127.051025212493,37.6806012207722,노원구,3741,25.0,25.5,22
127.051032854352,37.68063725640071,노원구,3741,25.0,25.5,22
127.051038540245,37.680664003786895,노원구,3741,25.0,25.5,22
127.05104671657,37.680702570970794,노원구,3741,25.0,25.5,22
127.05105292641899,37.68073269677679,노원구,3741,25.0,25.5,22
127.051061637213,37.680773795515705,노원구,3741,25.0,25.5,22
127.051062524655,37.6807785788012,노원구,3741,25.0,25.5,22
127.05111681871401,37.6811775242859,노원구,3741,25.0,25.5,22
127.051131950799,37.6812937972673,노원구,3741,25.0,25.5,22
127.051140130859,37.6813554562147,노원구,3741,25.0,25.5,22
127.051144062131,37.681385294818895,노원구,3741,25.0,25.5,22
127.05114850541901,37.6814182412925,노원구,3741,25.0,25.5,22
127.051162927861,37.6815243786426,노원구,3741,25.0,25.5,22
127.05116417,37.6815339465349,노원구,3741,25.0,25.5,22
127.05116541214599,37.681543523225706,노원구,3741,25.0,25.5,22
127.051171824782,37.6815891277717,노원구,3741,25.0,25.5,22
127.051227362364,37.681997919844605,노원구,3741,25.0,25.5,22
127.051548377672,37.6823376211952,노원구,3741,25.0,25.5,22
127.051706317453,37.6825056392317,노원구,3741,25.0,25.5,22
127.051790505106,37.6825942948742,노원구,3741,25.0,25.5,22
127.051796541003,37.682600770227396,노원구,3741,25.0,25.5,22
127.051801149781,37.6826097779687,노원구,3741,25.0,25.5,22
127.051801337523,37.6826193463019,노원구,3741,25.0,25.5,22
127.051809489703,37.682637641042,노원구,3741,25.0,25.5,22
127.051938484828,37.682951241299705,노원구,3741,25.0,25.5,22
127.05199063551201,37.6833228693321,노원구,3741,25.0,25.5,22
127.052071433398,37.6844110358414,노원구,3741,25.0,25.5,22
127.05207150791401,37.6845208459649,노원구,3741,25.0,25.5,22
127.051964076787,37.6851690230336,노원구,3742,24.0,25.0,30
127.05185066045401,37.6856195565677,노원구,3742,24.0,25.0,30
127.051820799615,37.6857381097867,노원구,3742,24.0,25.0,30
127.051803306719,37.6858054018515,노원구,3742,24.0,25.0,30
127.05180331222799,37.6858135641412,노원구,3742,24.0,25.0,30
127.051803516351,37.6861159570854,노원구,3742,24.0,25.0,30
127.051803519769,37.68612102009129,노원구,3742,24.0,25.0,30
127.051803642361,37.68630262896139,노원구,3742,24.0,25.0,30
127.051803844773,37.6866024807542,노원구,3742,24.0,25.0,30
127.05180384857401,37.686608111815,노원구,3742,24.0,25.0,30
127.051804158185,37.6870667594948,노원구,3742,24.0,25.0,30
127.051967052996,37.6872035291371,노원구,3742,24.0,25.0,30
127.05198494152,37.6872184415986,노원구,3742,24.0,25.0,30
127.05206062792801,37.6872828826479,노원구,3742,24.0,25.0,30
127.05214428734301,37.6873523925806,노원구,3742,24.0,25.0,30
127.052227061807,37.6874207766214,노원구,3742,24.0,25.0,30
127.05239930508101,37.6874984110938,노원구,3742,24.0,25.0,30
127.05261903273899,37.687597422784,노원구,3742,24.0,25.0,30
127.052772836638,37.687666334351,노원구,3742,24.0,25.0,30
127.052808105744,37.6876812391324,노원구,3742,24.0,25.0,30
127.052873842097,37.6877186543368,노원구,3742,24.0,25.0,30
127.05294437917802,37.68776170837079,노원구,3742,24.0,25.0,30
127.052968309685,37.6877746449761,노원구,3742,24.0,25.0,30
127.053026437568,37.6878095321854,노원구,3742,24.0,25.0,30
127.053109369928,37.6878582112176,노원구,3742,24.0,25.0,30
127.053177240018,37.687898715803,노원구,3742,24.0,25.0,30
127.05326673951001,37.6879504916804,노원구,3742,24.0,25.0,30
127.05340160665399,37.6880292672859,노원구,3742,24.0,25.0,30
127.053476747456,37.6880734358376,노원구,3742,24.0,25.0,30
127.053557204329,37.6881159170768,노원구,3742,24.0,25.0,30
127.053623121264,37.68815023304771,노원구,3742,24.0,25.0,30
127.053659799827,37.6881693624456,노원구,3742,24.0,25.0,30
127.05369187369101,37.6881870883035,노원구,3742,24.0,25.0,30
127.053759753497,37.688222808344996,노원구,3742,24.0,25.0,30
127.053859343529,37.6882745699514,노원구,3742,24.0,25.0,30
127.05402326420601,37.6883615041315,노원구,3742,24.0,25.0,30
127.054035319704,37.688367129825004,노원구,3742,24.0,25.0,30
127.05408635689899,37.6883938474784,노원구,3742,24.0,25.0,30
127.054152638125,37.688429866055,노원구,3742,24.0,25.0,30
127.05419303745899,37.688451525403295,노원구,3742,24.0,25.0,30
127.054312477374,37.6885156660915,노원구,3742,24.0,25.0,30
127.054463288549,37.6885963970593,노원구,3742,24.0,25.0,30
127.054630397643,37.68868586073671,노원구,3817,0.0,0.0,0
127.05469012438101,37.6887182146227,노원구,3817,0.0,0.0,0
127.05469544479901,37.6887227170722,노원구,3817,0.0,0.0,0
127.05475996755301,37.6887877289095,노원구,3817,0.0,0.0,0
127.05487253795201,37.6888994523856,노원구,3818,1.0,1.0,2
127.05499592084101,37.689021586111295,노원구,3818,1.0,1.0,2
127.05509466347401,37.6891220529697,노원구,3818,1.0,1.0,2
127.055178518621,37.6892047963781,노원구,3818,1.0,1.0,2
127.055206692224,37.6892047835571,노원구,3818,1.0,1.0,2
127.055229537518,37.6892047731559,노원구,3818,1.0,1.0,2
127.05561873236499,37.689204595279996,노원구,3818,1.0,1.0,2
127.055626351154,37.6892045917851,노원구,3818,1.0,1.0,2
127.055733876411,37.6892045424089,노원구,3818,1.0,1.0,2
127.05586443933399,37.6892044823218,노원구,3818,1.0,1.0,2
127.056102527513,37.689204372377894,노원구,3818,1.0,1.0,2
127.05611386504499,37.6892043671305,노원구,3818,1.0,1.0,2
127.056177457364,37.689204337677495,노원구,3818,1.0,1.0,2
127.056225485087,37.6892226141551,노원구,3818,1.0,1.0,2
127.05626216112499,37.6892366791866,노원구,3818,1.0,1.0,2
127.056368298193,37.6892768941529,노원구,3818,1.0,1.0,2
127.056460623471,37.68931175440321,노원구,3818,1.0,1.0,2
127.056537887686,37.6893409998965,노원구,3818,1.0,1.0,2
127.056764169613,37.689426774931,노원구,3818,1.0,1.0,2
127.056846573376,37.689475442769606,노원구,3818,1.0,1.0,2
127.056911441369,37.6895137035267,노원구,3818,1.0,1.0,2
127.056931104328,37.6895193253499,노원구,3818,1.0,1.0,2
127.05699011308201,37.6895452004854,노원구,3818,1.0,1.0,2
127.057028401573,37.689561796296395,노원구,3818,1.0,1.0,2
127.057060826535,37.6895761330841,노원구,3818,1.0,1.0,2
127.057096449359,37.689591604466294,노원구,3818,1.0,1.0,2
127.057141281402,37.6896110170859,노원구,3818,1.0,1.0,2
127.057190548047,37.689632671220394,노원구,3818,1.0,1.0,2
127.05723908541799,37.6896340538653,노원구,3818,1.0,1.0,2
127.05727540062,37.689635162915295,노원구,3818,1.0,1.0,2
127.057306046813,37.689635995282295,노원구,3818,1.0,1.0,2
127.05732765676001,37.6896365437656,노원구,3818,1.0,1.0,2
127.057355298325,37.6896373775416,노원구,3818,1.0,1.0,2
127.05738771325301,37.6896382090501,노원구,3818,1.0,1.0,2
127.057954786614,37.689653985391004,노원구,3818,1.0,1.0,2
127.058172333491,37.689669927414606,노원구,3818,1.0,1.0,2
127.058390061761,37.6896858683995,노원구,3818,1.0,1.0,2
127.058706245375,37.689878307088,노원구,3818,1.0,1.0,2
127.058837560382,37.6899413112056,노원구,3818,1.0,1.0,2
127.059552814418,37.6902844560245,노원구,3818,1.0,1.0,2
127.059659856602,37.6903319835519,노원구,3818,1.0,1.0,2
127.06061597605301,37.6912738681296,노원구,3893,0.0,0.0,0
127.061208914772,37.692169745696795,노원구,3893,0.0,0.0,0
127.061667598275,37.6924141793288,노원구,3893,0.0,0.0,0
127.06174248907,37.6925723787477,노원구,3893,0.0,0.0,0
127.06220877479099,37.692805265459,노원구,3893,0.0,0.0,0
127.06236751664,37.69302423614671,노원구,3894,0.0,0.0,0
127.06237326457399,37.6931351605829,노원구,3894,0.0,0.0,0
127.062394508955,37.6935464960346,노원구,3894,0.0,0.0,0
127.06260147011999,37.694243792453705,노원구,3894,0.0,0.0,0
127.062731864247,37.6946759110354,노원구,3894,0.0,0.0,0
127.063059009865,37.6947990652738,노원구,3894,0.0,0.0,0
127.063386156324,37.6949219304496,노원구,3894,0.0,0.0,0
127.064584699767,37.6945538715474,노원구,3894,0.0,0.0,0
127.06532540891399,37.6947632277125,노원구,3894,0.0,0.0,0
127.066307861172,37.69444172200209,노원구,3969,0.0,0.0,0
127.067576719074,37.6946803329963,노원구,3969,0.0,0.0,0
127.067827130234,37.6947731098169,노원구,3969,0.0,0.0,0
127.06802812567601,37.6944810286766,노원구,3969,0.0,0.0,0
127.068298535533,37.6943572720292,노원구,3969,0.0,0.0,0
127.068548020677,37.6940004009876,노원구,3969,0.0,0.0,0
127.06902764555599,37.6938680813857,노원구,3969,0.0,0.0,0
127.069150968107,37.6936895013369,노원구,3969,0.0,0.0,0
127.06955710387501,37.6937895005198,노원구,3969,0.0,0.0,0
127.069822673433,37.6939810915844,노원구,3969,0.0,0.0,0
127.07064435812401,37.6938108343421,노원구,3969,0.0,0.0,0
127.070878820249,37.693700048656396,노원구,3969,0.0,0.0,0
127.07120144359502,37.6937181572095,노원구,3969,0.0,0.0,0
127.07265759847799,37.6937995012736,노원구,4044,0.0,0.0,0
127.07313786305201,37.6939757463764,노원구,4044,0.0,0.0,0
127.073398230982,37.6941008767455,노원구,4044,0.0,0.0,0
127.07378269641899,37.6944936893982,노원구,4044,0.0,0.0,0
127.07393007098801,37.6946442319036,노원구,4044,0.0,0.0,0
127.074486360384,37.6950096281912,노원구,4044,0.0,0.0,0
127.074906803083,37.695219680567796,노원구,4044,0.0,0.0,0
127.075809304192,37.695430005068395,노원구,4044,0.0,0.0,0
127.07819627631001,37.695986510261505,노원구,4119,0.0,0.0,0
127.081104769124,37.6961374686818,노원구,4119,0.0,0.0,0
127.08384328571199,37.694268890326796,노원구,4119,0.0,0.0,0
127.08387832067301,37.6927921239386,노원구,4118,0.0,0.0,0
127.08390501607,37.691782452000496,노원구,4118,0.0,0.0,0
127.085030963998,37.6905499186118,노원구,4193,0.0,0.0,0
127.08517719978,37.69038984784221,노원구,4193,0.0,0.0,0
127.086530627143,37.689912203853,노원구,4193,0.0,0.0,0
127.08845358221001,37.689902639833896,노원구,4193,0.0,0.0,0
127.090551884256,37.689570247087396,노원구,4268,0.0,0.0,0
127.092384243208,37.6899331840345,노원구,4268,0.0,0.0,0
127.093036720447,37.689966465889505,노원구,4268,0.0,0.0,0
127.09428938657699,37.689131811238,노원구,4268,0.0,0.0,0
127.09509714038401,37.689384850097,노원구,4268,0.0,0.0,0
127.095629396595,37.6891990250884,노원구,4268,0.0,0.0,0
127.095995958191,37.68907104667071,노원구,4343,0.0,0.0,0
127.09558482270799,37.6883950895062,노원구,4267,0.0,0.0,0
127.09608074763901,37.6879070431785,노원구,4342,0.0,0.0,0
127.096295218902,37.6871697608595,노원구,4342,0.0,0.0,0
127.09642514551201,37.68626418178809,노원구,4342,0.0,0.0,0
127.096423111862,37.685637441314,노원구,4342,0.0,0.0,0
127.096045245948,37.6851965581842,노원구,4342,0.0,0.0,0
127.09580983361299,37.6846403976266,노원구,4341,0.0,0.0,0
127.094287577202,37.6834185377446,노원구,4266,0.0,0.0,0
127.09414881566799,37.68308049424,노원구,4266,0.0,0.0,0
127.093883220609,37.6827417217799,노원구,4266,0.0,0.0,0
127.093392245809,37.6821896933484,노원구,4266,0.0,0.0,0
127.092919049664,37.6815514981317,노원구,4266,0.0,0.0,0
127.09296679478099,37.6811975508138,노원구,4266,0.0,0.0,0
127.092794805616,37.6800452790401,노원구,4265,0.0,0.0,0
127.092530776698,37.6795172982568,노원구,4265,0.0,0.0,0
127.09217420062001,37.6792095490257,노원구,4265,0.0,0.0,0
127.091946561687,37.6791902987781,노원구,4265,0.0,0.0,0
127.091941536378,37.6786925161695,노원구,4265,0.0,0.0,0
127.092189588104,37.678030112024004,노원구,4265,0.0,0.0,0
127.09247959630301,37.677643029856895,노원구,4265,0.0,0.0,0
127.09257456211701,37.6775278034065,노원구,4265,0.0,0.0,0
127.09261435414,37.67747456127071,노원구,4265,0.0,0.0,0
127.09296790494301,37.6773453317922,노원구,4265,0.0,0.0,0
127.09333999802901,37.6768835737655,노원구,4265,0.0,0.0,0
127.09353004222,37.6767387121093,노원구,4265,0.0,0.0,0
127.093853724226,37.6766593448321,노원구,4265,0.0,0.0,0
127.093885843547,37.6761429460808,노원구,4264,0.0,0.0,0
127.094014367855,37.6757970975869,노원구,4264,0.0,0.0,0
127.093962772463,37.67561723189579,노원구,4264,0.0,0.0,0
127.09427543719299,37.674659983531896,노원구,4264,0.0,0.0,0
127.094614625795,37.6735363128324,노원구,4264,0.0,0.0,0
127.09491939384701,37.6730839010745,노원구,4264,0.0,0.0,0
127.09514691906999,37.672891417315796,노원구,4264,0.0,0.0,0
127.095750767125,37.6726730182954,노원구,4264,0.0,0.0,0
127.09601893069599,37.67185037868849,노원구,4338,0.0,0.0,0
127.09572040302,37.6713477668269,노원구,4263,0.0,0.0,0
127.095805709179,37.671159900093606,노원구,4338,0.0,0.0,0
127.095748703627,37.6706196416876,노원구,4263,0.0,0.0,0
127.095773599931,37.6705610586021,노원구,4263,0.0,0.0,0
127.096012967458,37.67007941443779,노원구,4338,0.0,0.0,0
127.09644725527599,37.669689106509296,노원구,4338,0.0,0.0,0
127.09623735746901,37.66882941461829,노원구,4338,0.0,0.0,0
127.09497929189399,37.6676000317671,노원구,4262,0.0,0.0,0
127.094580629535,37.6661723050426,노원구,4262,0.0,0.0,0
127.09468000631901,37.66492127968311,노원구,4262,0.0,0.0,0
127.09541063546301,37.663889644835294,노원구,4261,0.0,0.0,0
127.094142115837,37.663298825194396,노원구,4261,0.0,0.0,0
127.093256816377,37.6619742391028,노원구,4261,0.0,0.0,0
127.092173573949,37.6607925485583,노원구,4261,0.0,0.0,0
127.091206910271,37.659334556606495,노원구,4260,0.0,0.0,0
127.091132285364,37.6582430291106,노원구,4260,0.0,0.0,0
127.09189131905799,37.657434951959,노원구,4260,0.0,0.0,0
127.09235164372801,37.6554918629786,노원구,4259,0.0,0.0,0
127.092810291443,37.6545686231031,노원구,4259,0.0,0.0,0
127.09286741300899,37.65445365951821,노원구,4259,0.0,0.0,0
127.093066320055,37.65378255848,노원구,4259,0.0,0.0,0
127.093568430345,37.6533187332404,노원구,4259,0.0,0.0,0
127.0939157349,37.6529617297936,노원구,4259,0.0,0.0,0
127.094007881491,37.6527285303171,노원구,4259,0.0,0.0,0
127.094040759816,37.6525401466502,노원구,4259,0.0,0.0,0
127.09403529431499,37.652418519307105,노원구,4259,0.0,0.0,0
127.093999910325,37.6522952216899,노원구,4259,0.0,0.0,0
127.093928250709,37.6521972968017,노원구,4259,0.0,0.0,0
127.093724611742,37.6519007018556,노원구,4259,0.0,0.0,0
127.09360121042299,37.651617837927496,노원구,4258,0.0,0.0,0
127.093366840502,37.6512272226263,노원구,4258,0.0,0.0,0
127.093345662939,37.6508600916945,노원구,4258,0.0,0.0,0
127.09326587274799,37.6506177285034,노원구,4258,0.0,0.0,0
127.092465883185,37.6497097677696,노원구,4258,0.0,0.0,0
127.092715616374,37.6493463742014,노원구,4258,0.0,0.0,0
127.092637424912,37.64897225040671,노원구,4258,0.0,0.0,0
127.09269449815001,37.6485799932218,노원구,4258,0.0,0.0,0
127.09291695908001,37.648361055696505,노원구,4258,0.0,0.0,0
127.09306875685301,37.6478375340284,노원구,4258,0.0,0.0,0
127.09367315300699,37.647506513613,노원구,4257,0.0,0.0,0
127.093834042781,37.647321967151,노원구,4257,0.0,0.0,0
127.093632406319,37.6466258415235,노원구,4257,0.0,0.0,0
127.094049430868,37.6461114001933,노원구,4257,0.0,0.0,0
127.094369480108,37.645933764706704,노원구,4257,0.0,0.0,0
127.094369116873,37.6459241965214,노원구,4257,0.0,0.0,0
127.094474538097,37.6458497736402,노원구,4257,0.0,0.0,0
127.094537845563,37.645505668457396,노원구,4257,0.0,0.0,0
127.094381361498,37.64495591692079,노원구,4257,0.0,0.0,0
127.09452917250299,37.6446565052589,노원구,4257,0.0,0.0,0
127.09456996923001,37.6445706009936,노원구,4257,0.0,0.0,0
127.097558908988,37.6439648311525,노원구,4332,0.0,0.0,0
127.098908061397,37.644034397782,노원구,4332,0.0,0.0,0
127.099772590643,37.6444641765368,노원구,4332,0.0,0.0,0
127.101592640211,37.644772357422106,노원구,4332,0.0,0.0,0
127.10280013641899,37.645204921833894,노원구,4407,5.5,6.5,9
127.102882381099,37.6454089763977,노원구,4407,5.5,6.5,9
127.103920687495,37.6454928344654,노원구,4407,5.5,6.5,9
127.10531214434099,37.6454043321432,노원구,4407,5.5,6.5,9
127.106576382418,37.6453773101503,노원구,4407,5.5,6.5,9
127.107692239795,37.6449666465369,노원구,4482,0.0,0.0,0
127.10786269537701,37.64469282153021,노원구,4482,0.0,0.0,0
127.108006127834,37.6444601320948,노원구,4482,0.0,0.0,0
127.10842837345601,37.6439661864213,노원구,4482,0.0,0.0,0
127.10866995318399,37.6436655458041,노원구,4481,7.0,8.0,12
127.108711834059,37.643612854760796,노원구,4481,7.0,8.0,12
127.108840489007,37.6434525351569,노원구,4481,7.0,8.0,12
127.109046355333,37.643177829294295,노원구,4481,7.0,8.0,12
127.10928861727601,37.642858887867604,노원구,4481,7.0,8.0,12
127.10989832652001,37.6424875234773,노원구,4481,7.0,8.0,12
127.11030515421899,37.6426023029351,노원구,4481,7.0,8.0,12
127.11075129673901,37.642730279887296,노원구,4481,7.0,8.0,12
127.111154699506,37.6425635044498,노원구,4481,7.0,8.0,12
127.111257280494,37.64237533025221,노원구,4481,7.0,8.0,12
127.111289948336,37.6423153308176,노원구,4481,7.0,8.0,12
127.111423797936,37.642086862785604,노원구,4481,7.0,8.0,12
127.111429592383,37.6419286277857,노원구,4481,7.0,8.0,12
127.111345396255,37.641497363655,노원구,4481,7.0,8.0,12
127.11161500526899,37.6412473707359,노원구,4481,7.0,8.0,12
127.111712416914,37.640798475847895,노원구,4481,7.0,8.0,12
127.111760331082,37.6407593020634,노원구,4481,7.0,8.0,12
127.11222324479799,37.6403756741759,노원구,4481,7.0,8.0,12
127.11199131807501,37.64000874350671,노원구,4481,7.0,8.0,12
127.11170170375601,37.6398966715606,노원구,4481,7.0,8.0,12
127.111135440834,37.6399439327628,노원구,4481,7.0,8.0,12
127.110566323691,37.6393636088224,노원구,4480,2.0,2.0,4
127.11076090196998,37.6387738569731,노원구,4480,2.0,2.0,4
