자치구,동,면적,면적비,cctv 개수,가로등 개수,범죄 건수,주소
강남구,신사동,1.89,0.047848101265822784,334.6017721518988,446.7098734177215,349.09974683544306,강남구 신사동
강남구,논현1동,1.25,0.03164556962025317,221.29746835443038,295.4430379746836,230.8860759493671,강남구 논현1동
강남구,논현2동,1.47,0.037215189873417716,260.2458227848101,347.44101265822786,271.5220253164556,강남구 논현2동
강남구,삼성1동,1.94,0.04911392405063291,343.45367088607594,458.5275949367089,358.33518987341773,강남구 삼성1동
강남구,삼성2동,1.24,0.031392405063291134,219.52708860759486,293.07949367088605,229.03898734177213,강남구 삼성2동
강남구,대치1동,0.79,0.02,139.86,186.72,145.92000000000004,강남구 대치1동
강남구,대치4동,0.73,0.01848101265822785,129.23772151898734,172.5387341772152,134.83746835443034,강남구 대치4동
강남구,역삼1동,2.35,0.05949367088607595,416.0392405063291,555.432911392405,434.0658227848101,강남구 역삼1동
강남구,역삼2동,1.15,0.029113924050632917,203.593670886076,271.8075949367089,212.41518987341775,강남구 역삼2동
강남구,도곡1동,1.02,0.025822784810126585,180.57873417721518,241.0815189873418,188.4030379746836,강남구 도곡1동
강남구,도곡2동,1.02,0.025822784810126585,180.57873417721518,241.0815189873418,188.4030379746836,강남구 도곡2동
강남구,개포1동,1.27,0.03215189873417722,224.83822784810127,300.1701265822785,234.58025316455695,강남구 개포1동
강남구,개포4동,1.49,0.037721518987341766,263.78658227848103,352.1681012658226,275.21620253164554,강남구 개포4동
강남구,일원본동,2.58,0.06531645569620254,456.7579746835443,609.7944303797468,476.5488607594937,강남구 일원본동
강남구,일원1동,0.92,0.023291139240506332,162.87493670886073,217.44607594936713,169.9321518987342,강남구 일원1동
강남구,일원2동,1.24,0.031392405063291134,219.52708860759486,293.07949367088605,229.03898734177213,강남구 일원2동
강남구,수서동,1.43,0.03620253164556962,253.16430379746842,337.986835443038,264.13367088607595,강남구 수서동
강남구,세곡동,6.36,0.1610126582278481,1125.9615189873418,1503.2141772151901,1174.7483544303798,강남구 세곡동
강남구,압구정동,2.53,0.0640506329113924,447.9060759493672,597.9767088607595,467.313417721519,강남구 압구정동
강남구,청담동,2.33,0.0589873417721519,412.4984810126583,550.7058227848102,430.3716455696202,강남구 청담동
강남구,대치2동,2.0,0.05063291139240506,354.07594936708864,472.7088607594937,369.4177215189874,강남구 대치2동
강남구,개포2동,2.51,0.06354430379746835,444.3653164556962,593.2496202531645,463.6192405063291,강남구 개포2동
강동구,강일동,2.8,0.11386742578283855,315.1850345668971,987.0028466856447,456.4945099633997,강동구 강일동
강동구,상일동,2.65,0.10776738511590077,298.3001220008133,934.127694184628,432.0394469296462,강동구 상일동
강동구,명일1동,0.61,0.02480683204554697,68.665311102074,215.0256201708012,99.45058967059781,강동구 명일1동
강동구,명일2동,0.97,0.039446929646197636,109.18910126067509,341.9259861732412,158.1427409516063,강동구 명일2동
강동구,고덕1동,1.73,0.0703538023586824,194.7393249288329,609.826758845059,282.04839365595774,강동구 고덕1동
강동구,고덕2동,2.01,0.08174054493696624,226.25782838552254,708.5270435136232,327.69784465229765,강동구 고덕2동
강동구,암사2동,1.18,0.04798698657991053,132.82797885319238,415.9511996746645,192.3798291988613,강동구 암사2동
강동구,암사3동,2.51,0.10207401382675883,282.54087027246845,884.7775518503456,409.2147214314762,강동구 암사3동
강동구,천호1동,0.71,0.028873525823505487,79.9219194794632,250.27572183814559,115.75396502643349,강동구 천호1동
강동구,천호3동,0.79,0.032126880845872306,88.92720618137454,278.47580317202113,128.7966653111021,강동구 천호3동
강동구,성내1동,0.58,0.023586823912159414,65.28832858885725,204.4505896705978,94.55957706384709,강동구 성내1동
강동구,성내2동,0.67,0.027246848312322085,75.41927612850753,236.17568117120786,109.23261488409923,강동구 성내2동
강동구,성내3동,0.71,0.028873525823505487,79.9219194794632,250.27572183814559,115.75396502643349,강동구 성내3동
강동구,둔촌1동,0.92,0.03741358275721839,103.56079707198047,324.30093533956904,149.99105327368852,강동구 둔촌1동
강동구,둔촌2동,0.98,0.039853599023993484,110.31476209841398,345.4509963399755,159.77307848718988,강동구 둔촌2동
강동구,암사1동,1.02,0.0414802765351769,114.81740544936966,359.55103700691336,166.2944286295242,강동구 암사1동
강동구,천호2동,1.57,0.06384709231394876,176.72875152501018,553.4265961773079,255.9629930866206,강동구 천호2동
강동구,길동,2.17,0.08824725498169987,244.26840178934523,764.9272061813745,353.78324522163484,강동구 길동
강북구,번1동,0.66,0.027966101694915254,54.39406779661017,218.49915254237285,107.25,강북구 번1동
강북구,번2동,0.95,0.04025423728813559,78.29449152542372,314.50635593220335,154.375,강북구 번2동
강북구,번3동,1.1,0.046610169491525424,90.65677966101696,364.1652542372882,178.75,강북구 번3동
강북구,수유1동,1.67,0.07076271186440677,137.63347457627114,552.8690677966101,271.375,강북구 수유1동
강북구,수유2동,0.57,0.02415254237288136,46.97669491525424,188.70381355932201,92.625,강북구 수유2동
강북구,수유3동,0.72,0.03050847457627118,59.33898305084745,238.36271186440675,116.99999999999996,강북구 수유3동
강북구,삼양동,0.91,0.0385593220338983,74.99788135593221,301.26398305084734,147.87499999999997,강북구 삼양동
강북구,미아동,0.93,0.03940677966101695,76.64618644067797,307.8851694915254,151.125,강북구 미아동
강북구,송중동,1.01,0.04279661016949152,83.23940677966101,334.36991525423724,164.12499999999997,강북구 송중동
강북구,송천동,0.9,0.03813559322033898,74.17372881355931,297.9533898305085,146.24999999999997,강북구 송천동
강북구,삼각산동,0.62,0.026271186440677958,51.097457627118644,205.25677966101694,100.74999999999996,강북구 삼각산동
강북구,우이동,10.28,0.43559322033898296,847.2288135593219,3403.2898305084736,1670.4999999999993,강북구 우이동
강북구,인수동,3.28,0.1389830508474576,270.322033898305,1085.8745762711862,532.9999999999999,강북구 인수동
강서구,염창동,1.74,0.04198841698841699,100.94015444015444,262.6795366795367,206.5830115830116,강서구 염창동
강서구,등촌1동,0.59,0.014237451737451737,34.226833976833966,89.06949806949807,70.04826254826254,강서구 등촌1동
강서구,등촌2동,0.92,0.0222007722007722,53.370656370656356,138.8880308880309,109.22779922779922,강서구 등촌2동
강서구,등촌3동,0.79,0.019063706563706567,45.82915057915058,119.26254826254828,93.79343629343632,강서구 등촌3동
강서구,화곡본동,1.11,0.02678571428571429,64.39285714285715,167.57142857142858,131.7857142857143,강서구 화곡본동
강서구,화곡2동,0.47,0.011341698841698842,27.26544401544401,70.95366795366796,55.801158301158296,강서구 화곡2동
강서구,화곡3동,0.51,0.012306949806949808,29.58590733590734,76.992277992278,60.55019305019306,강서구 화곡3동
강서구,화곡4동,0.82,0.019787644787644783,47.56949806949808,123.79150579150576,97.3552123552123,강서구 화곡4동
강서구,화곡6동,1.12,0.027027027027027032,64.97297297297297,169.08108108108112,132.972972972973,강서구 화곡6동
강서구,화곡8동,0.53,0.012789575289575292,30.746138996139003,80.01158301158303,62.924710424710426,강서구 화곡8동
강서구,가양1동,4.7,0.11341698841698845,272.6544401544402,709.5366795366797,558.0115830115832,강서구 가양1동
강서구,가양2동,1.0,0.02413127413127413,58.01158301158301,150.96525096525096,118.72586872586872,강서구 가양2동
강서구,가양3동,0.99,0.02388996138996139,57.43146718146718,149.45559845559842,117.53861003861005,강서구 가양3동
강서구,발산1동,2.96,0.07142857142857144,171.71428571428575,446.85714285714295,351.42857142857144,강서구 발산1동
강서구,공항동,10.87,0.2623069498069498,630.5859073359073,1640.992277992278,1290.550193050193,강서구 공항동
강서구,방화1동,1.04,0.0250965250965251,60.332046332046346,157.003861003861,123.47490347490348,강서구 방화1동
강서구,방화2동,6.41,0.1546814671814672,371.8542471042471,967.6872586872588,761.0328185328186,강서구 방화2동
강서구,방화3동,2.38,0.057432432432432436,138.06756756756758,359.2972972972973,282.5675675675676,강서구 방화3동
강서구,화곡1동,1.12,0.027027027027027032,64.97297297297297,169.08108108108112,132.972972972973,강서구 화곡1동
강서구,우장산동,1.36,0.032818532818532815,78.8957528957529,205.31274131274128,161.46718146718146,강서구 우장산동
관악구,보라매동,0.76,0.02570172472100101,169.5799797091647,116.40311126141356,136.70747379100442,관악구 보라매동
관악구,청림동,0.3,0.010145417653026716,66.93946567467027,45.948596550558,53.9634764964491,관악구 청림동
관악구,행운동,0.72,0.02434900236726412,160.6547176192086,110.2766317213392,129.51234359147784,관악구 행운동
관악구,낙성대동,2.27,0.07676699357456881,506.508623605005,347.67771389922217,408.32363882313166,관악구 낙성대동
관악구,중앙동,0.39,0.013189042948934731,87.02130537707136,59.7331755157254,70.15251944538383,관악구 중앙동
관악구,인헌동,1.08,0.03652350355089618,240.98207642881303,165.4149475820088,194.2685153872168,관악구 인헌동
관악구,남현동,3.27,0.1105850524179912,729.6401758539059,500.83970240108215,588.2018938112952,관악구 남현동
관악구,서원동,0.65,0.02198173824822456,145.0355089617856,99.55529252620902,116.92086574230645,관악구 서원동
관악구,신원동,0.55,0.01859993236388232,122.7223537368955,84.239093676023,98.93304024349004,관악구 신원동
관악구,서림동,0.99,0.03347987825498816,220.9002367264119,151.63036861684137,178.079472438282,관악구 서림동
관악구,신사동,0.64,0.021643557659790327,142.80419343929657,98.02367264119042,115.12208319242477,관악구 신사동
관악구,신림동,0.54,0.01826175177544809,120.49103821440652,82.7074737910044,97.1342576936084,관악구 신림동
관악구,난향동,0.8,0.02705444707473792,178.50524179912074,122.52959080148806,143.90260399053102,관악구 난향동
관악구,조원동,0.67,0.022658099425093,149.4981400067636,102.6185322962462,120.51843084206966,관악구 조원동
관악구,대학동,8.3,0.2806898884004058,1851.9918836658774,1271.2445045654379,1492.9895164017585,관악구 대학동
관악구,은천동,0.78,0.026378085897869462,174.04261075414271,119.4663510314508,140.30503889076766,관악구 은천동
관악구,성현동,0.68,0.022996280013527225,151.72945552925262,104.1501521812648,122.31721339195131,관악구 성현동
관악구,청룡동,1.18,0.03990530943523842,263.29523165370307,180.73114643219486,212.25634088603317,관악구 청룡동
관악구,난곡동,0.96,0.03246533648968549,214.20629015894488,147.0355089617856,172.68312478863712,관악구 난곡동
관악구,삼성동,2.66,0.08995603652350355,593.5299289820763,407.4108894149477,478.4761582685154,관악구 삼성동
관악구,미성동,1.38,0.04666892120392289,307.9215421034832,211.36354413256674,248.23199188366584,관악구 미성동
광진구,화양동,1.16,0.06799531066822978,174.13599062133648,563.8851113716296,272.59320046893316,광진구 화양동
광진구,군자동,0.74,0.04337631887456038,111.08675263774911,359.7198124267292,173.89566236811257,광진구 군자동
광진구,중곡1동,0.62,0.036342321219226266,93.07268464243843,301.38686987104336,145.6963657678781,광진구 중곡1동
광진구,중곡2동,0.55,0.032239155920281364,82.56447831184056,267.3593200468933,129.246776084408,광진구 중곡2동
광진구,중곡3동,0.6,0.035169988276670575,90.07033997655334,291.6647127784292,140.99648300117232,광진구 중곡3동
광진구,중곡4동,2.32,0.13599062133645956,348.27198124267295,1127.7702227432592,545.1864009378663,광진구 중곡4동
광진구,능동,1.1,0.06447831184056273,165.12895662368118,534.7186400937867,258.493552168816,광진구 능동
광진구,구의1동,0.56,0.032825322391559206,84.06565064478312,272.2203985932005,131.59671746776087,광진구 구의1동
광진구,구의2동,1.39,0.08147713950762016,208.6629542790152,675.6899179366941,326.6418522860492,광진구 구의2동
광진구,구의3동,1.02,0.059788980070339975,153.11957796014067,495.8300117233294,239.69402110199294,광진구 구의3동
광진구,광장동,2.39,0.14009378663540448,358.7801875732709,1161.7977725674093,561.6359906213365,광진구 광장동
광진구,자양1동,0.57,0.03341148886283705,85.56682297772569,277.0814771395076,133.94665885111374,광진구 자양1동
광진구,자양2동,1.68,0.09847596717467763,252.19695193434936,816.6611957796016,394.7901524032826,광진구 자양2동
광진구,자양3동,1.2,0.07033997655334115,180.14067995310668,583.3294255568583,281.99296600234464,광진구 자양3동
광진구,자양4동,1.16,0.06799531066822978,174.13599062133648,563.8851113716296,272.59320046893316,광진구 자양4동
구로구,신도림동,1.47,0.07306163021868786,336.08349900596414,425.2186878727634,343.608846918489,구로구 신도림동
구로구,구로1동,1.02,0.05069582504970178,233.2007952286282,295.04970178926436,238.4224652087475,구로구 구로1동
구로구,구로3동,1.02,0.05069582504970178,233.2007952286282,295.04970178926436,238.4224652087475,구로구 구로3동
구로구,구로4동,0.46,0.02286282306163022,105.168986083499,133.06163021868787,107.52385685884691,구로구 구로4동
구로구,구로5동,1.03,0.051192842942345926,235.4870775347913,297.94234592445326,240.75994035785286,구로구 구로5동
구로구,고척1동,1.16,0.057654075546719676,265.2087475149105,335.5467196819085,271.14711729622263,구로구 고척1동
구로구,고척2동,1.02,0.05069582504970178,233.2007952286282,295.04970178926436,238.4224652087475,구로구 고척2동
구로구,개봉2동,0.8,0.039761431411530816,182.90258449304176,231.41153081510936,186.99801192842946,구로구 개봉2동
구로구,개봉3동,0.81,0.04025844930417495,185.18886679920482,234.3041749502982,189.33548707753482,구로구 개봉3동
구로구,오류1동,0.59,0.02932405566600397,134.89065606361828,170.6660039761431,137.91103379721667,구로구 오류1동
구로구,오류2동,4.6,0.22862823061630216,1051.68986083499,1330.6163021868786,1075.238568588469,구로구 오류2동
구로구,수궁동,2.67,0.1327037773359841,610.4373757455269,772.3359840954274,624.1058648111333,구로구 수궁동
구로구,가리봉동,0.4,0.019880715705765408,91.45129224652088,115.70576540755468,93.49900596421473,구로구 가리봉동
구로구,구로2동,1.76,0.08747514910536779,402.38568588469184,509.10536779324053,411.3956262425447,구로구 구로2동
구로구,개봉1동,1.31,0.06510934393638171,299.5029821073559,378.93638170974157,306.2092445328032,구로구 개봉1동
금천구,가산동,2.52,0.1935483870967742,619.1612903225806,1095.0967741935485,599.8064516129032,금천구 가산동
금천구,독산1동,2.09,0.16052227342549924,513.510752688172,908.2350230414747,497.45852534562215,금천구 독산1동
금천구,독산2동,0.6,0.04608294930875576,147.41935483870967,260.73732718894007,142.81105990783408,금천구 독산2동
금천구,독산3동,0.92,0.07066052227342551,226.0430107526882,399.7972350230416,218.97695852534562,금천구 독산3동
금천구,독산4동,0.59,0.04531490015360983,144.96236559139788,256.39170506912444,140.43087557603687,금천구 독산4동
금천구,시흥1동,1.71,0.13133640552995393,420.1451612903226,743.1013824884793,407.01152073732726,금천구 시흥1동
금천구,시흥2동,1.26,0.0967741935483871,309.5806451612903,547.5483870967741,299.9032258064516,금천구 시흥2동
금천구,시흥3동,1.07,0.08218125960061445,262.8978494623656,464.98156682027656,254.6797235023042,금천구 시흥3동
금천구,시흥4동,0.87,0.06682027649769585,213.75806451612902,378.06912442396316,207.07603686635943,금천구 시흥4동
금천구,시흥5동,1.39,0.10675883256528418,341.52150537634407,604.0414746543779,330.8456221198157,금천구 시흥5동
노원구,월계1동,1.16,0.0327313769751693,88.01467268623024,141.8905191873589,135.8352144469526,노원구 월계1동
노원구,월계2동,1.94,0.05474040632054177,147.1969525959368,237.29966139954857,227.17268623024842,노원구 월계2동
노원구,월계3동,1.17,0.03301354401805868,88.77341986455983,143.1137133182844,137.0062076749435,노원구 월계3동
노원구,공릉2동,6.82,0.1924379232505644,517.4655756207676,834.2183972911968,798.6173814898423,노원구 공릉2동
노원구,하계1동,1.55,0.04373589164785553,117.6058126410835,189.59509029345367,181.50395033860042,노원구 하계1동
노원구,하계2동,0.51,0.014390519187358916,38.69610609480814,62.3829006772009,59.7206546275395,노원구 하계2동
노원구,중계본동,1.97,0.05558690744920994,149.47319413092552,240.9692437923251,230.68566591422126,노원구 중계본동
노원구,중계1동,0.63,0.017776523702031602,47.80107223476298,77.061230248307,73.77257336343116,노원구 중계1동
노원구,중계4동,1.7,0.04796839729119639,128.9870203160271,207.9430022573364,199.068848758465,노원구 중계4동
노원구,상계1동,5.62,0.15857787810383747,426.4159142212189,687.4351015801352,658.0981941309255,노원구 상계1동
노원구,상계2동,0.61,0.017212189616252822,46.28357787810385,74.61484198645599,71.43058690744921,노원구 상계2동
노원구,상계5동,0.44,0.012415349887133184,33.38487584650113,53.82054176072235,51.52370203160271,노원구 상계5동
노원구,상계8동,0.67,0.018905191873589168,50.83606094808128,81.95400677200905,78.45654627539506,노원구 상계8동
노원구,상계9동,0.81,0.02285553047404064,61.45852144469527,99.07872460496617,94.85045146726866,노원구 상계9동
노원구,상계10동,0.8,0.022573363431151246,60.6997742663657,97.85553047404065,93.67945823927765,노원구 상계10동
노원구,상계3.4동,5.62,0.15857787810383747,426.4159142212189,687.4351015801352,658.0981941309255,노원구 상계3.4동
노원구,상계6.7동,1.11,0.031320541760722354,84.2209367945824,135.77454853273142,129.98024830699777,노원구 상계6.7동
노원구,중계2.3동,0.9,0.02539503386004515,68.28724604966139,110.08747178329573,105.38939051918736,노원구 중계2.3동
노원구,공릉1동,1.41,0.03978555304740406,106.9833521444695,172.4703724604966,165.11004514672686,노원구 공릉1동
도봉구,쌍문1동,1.24,0.06001936108422073,71.60309777347531,275.78896418199423,126.64085188770572,도봉구 쌍문1동
도봉구,쌍문2동,0.54,0.026137463697967087,31.18199419167473,120.10164569215875,55.150048402710546,도봉구 쌍문2동
도봉구,쌍문3동,0.5,0.02420135527589545,28.87221684414327,111.2052274927396,51.064859632139395,도봉구 쌍문3동
도봉구,쌍문4동,0.52,0.02516940948693127,30.027105517909003,115.65343659244918,53.10745401742498,도봉구 쌍문4동
도봉구,방학1동,0.69,0.033397870280735716,39.84365924491771,153.46321393998062,70.46950629235236,도봉구 방학1동
도봉구,방학2동,0.74,0.03581800580832527,42.730880929332045,164.58373668925458,75.5759922555663,도봉구 방학2동
도봉구,방학3동,2.64,0.12778315585672798,152.4453049370765,587.1636011616649,269.622458857696,도봉구 방학3동
도봉구,창1동,0.88,0.042594385285575985,50.81510164569216,195.72120038722164,89.87415295256534,도봉구 창1동
도봉구,창2동,1.07,0.05179090029041627,61.78654404646661,237.97918683446275,109.27879961277831,도봉구 창2동
도봉구,창3동,0.67,0.032429816069699906,38.688770571151984,149.0150048402711,68.4269119070668,도봉구 창3동
도봉구,창4동,0.96,0.046466602129719266,55.43465634075508,213.51403678606002,98.0445304937077,도봉구 창4동
도봉구,창5동,0.7,0.033881897386253634,40.42110358180058,155.68731848983546,71.49080348499517,도봉구 창5동
도봉구,도봉1동,8.72,0.4220716360116167,503.5314617618587,1939.4191674733786,890.5711519845113,도봉구 도봉1동
도봉구,도봉2동,0.83,0.04017424975798645,47.92787996127783,184.60067763794768,84.76766698935141,도봉구 도봉2동
동대문구,회기동,0.76,0.05344585091420534,132.49226441631504,519.1729957805907,197.16174402250348,동대문구 회기동
동대문구,휘경1동,0.63,0.04430379746835443,109.82911392405063,430.3670886075949,163.4367088607595,동대문구 휘경1동
동대문구,휘경2동,1.05,0.07383966244725737,183.04852320675099,717.2784810126581,272.39451476793244,동대문구 휘경2동
동대문구,청량리동,1.2,0.08438818565400844,209.19831223628688,819.746835443038,311.30801687763716,동대문구 청량리동
동대문구,용신동,1.61,0.11322081575246133,280.6744022503516,1099.8270042194094,417.67158931082986,동대문구 용신동
동대문구,제기동,1.18,0.0829817158931083,205.71167369901542,806.084388185654,306.1195499296765,동대문구 제기동
동대문구,전농1동,1.19,0.08368495077355836,207.45499296765118,812.915611814346,308.7137834036568,동대문구 전농1동
동대문구,전농2동,0.86,0.060478199718706036,149.92545710267228,587.4852320675104,223.10407876230656,동대문구 전농2동
동대문구,답십리1동,0.81,0.0569620253164557,141.20886075949366,553.3291139240507,210.13291139240508,동대문구 답십리1동
동대문구,답십리2동,0.85,0.05977496483825598,148.18213783403655,580.6540084388186,220.5098452883263,동대문구 답십리2동
동대문구,장안1동,1.25,0.08790436005625879,217.9149085794656,853.9029535864978,324.2791842475387,동대문구 장안1동
동대문구,장안2동,1.09,0.07665260196905767,190.021800281294,744.6033755274264,282.77144866385373,동대문구 장안2동
동대문구,이문1동,1.04,0.07313642756680731,181.3052039381153,710.4472573839662,269.8002812939522,동대문구 이문1동
동대문구,이문2동,0.69,0.04852320675105485,120.28902953586494,471.35443037974676,179.0021097046413,동대문구 이문2동
동작구,노량진2동,0.64,0.03914373088685015,101.18654434250764,245.0006116207951,133.0886850152905,동작구 노량진2동
동작구,상도1동,1.51,0.09235474006116208,238.737003058104,578.0483180428132,314.00611620795115,동작구 상도1동
동작구,상도2동,0.98,0.05993883792048929,154.94189602446482,375.1571865443425,203.7920489296636,동작구 상도2동
동작구,상도3동,0.6,0.03669724770642201,94.8623853211009,229.6880733944954,124.77064220183485,동작구 상도3동
동작구,상도4동,0.75,0.04587155963302752,118.57798165137613,287.11009174311926,155.96330275229357,동작구 상도4동
동작구,사당1동,0.79,0.048318042813455656,124.90214067278286,302.42262996941895,164.28134556574923,동작구 사당1동
동작구,사당3동,0.92,0.056269113149847096,145.45565749235467,352.18837920489295,191.3149847094801,동작구 사당3동
동작구,사당4동,0.38,0.02324159021406728,60.07951070336391,145.46911314984712,79.02140672782878,동작구 사당4동
동작구,사당5동,0.57,0.03486238532110091,90.11926605504586,218.20366972477055,118.53211009174309,동작구 사당5동
동작구,대방동,1.55,0.0948012232415902,245.0611620795107,593.360856269113,322.3241590214067,동작구 대방동
동작구,신대방1동,0.62,0.037920489296636085,98.02446483180428,237.34434250764525,128.9296636085627,동작구 신대방1동
동작구,신대방2동,1.03,0.06299694189602446,162.84709480122325,394.2978593272171,214.18960244648318,동작구 신대방2동
동작구,흑석동,1.68,0.10275229357798164,265.61467889908255,643.1266055045871,349.35779816513764,동작구 흑석동
동작구,노량진1동,1.58,0.09663608562691132,249.80428134556573,604.845259938838,328.56269113149847,동작구 노량진1동
동작구,사당2동,2.75,0.16819571865443422,434.78593272171247,1052.7370030581037,571.8654434250764,동작구 사당2동
마포구,용강동,0.84,0.03522012578616352,105.02641509433964,219.703144654088,170.50062893081758,마포구 용강동
마포구,대흥동,0.88,0.036897274633123686,110.02767295597485,230.1651991614256,178.61970649895176,마포구 대흥동
마포구,염리동,0.43,0.0180293501048218,53.76352201257861,112.4670859538784,87.28008385744234,마포구 염리동
마포구,신수동,0.78,0.03270440251572327,97.52452830188679,204.0100628930817,158.32201257861638,마포구 신수동
마포구,서교동,1.65,0.06918238993710693,206.30188679245282,431.559748427673,334.91194968553464,마포구 서교동
마포구,합정동,1.72,0.0721174004192872,215.05408805031442,449.8683438155136,349.1203354297693,마포구 합정동
마포구,망원1동,1.13,0.04737945492662473,141.2855345911949,295.5530398322851,229.36394129979038,마포구 망원1동
마포구,망원2동,0.67,0.02809224318658281,83.77106918238994,175.23941299790351,135.99454926624742,마포구 망원2동
마포구,연남동,0.64,0.026834381551362682,80.0201257861635,167.3928721174004,129.90524109014677,마포구 연남동
마포구,성산1동,0.8,0.03354297693920336,100.02515723270443,209.24109014675057,162.38155136268347,마포구 성산1동
마포구,성산2동,2.07,0.08679245283018867,258.8150943396226,541.4113207547168,420.1622641509434,마포구 성산2동
마포구,상암동,8.4,0.3522012578616352,1050.264150943396,2197.0314465408806,1705.006289308176,마포구 상암동
마포구,도화동,0.62,0.0259958071278826,77.5194968553459,162.16184486373166,125.84570230607966,마포구 도화동
마포구,서강동,1.45,0.06079664570230608,181.2955974842767,379.2494758909853,294.3165618448637,마포구 서강동
마포구,공덕동,1.01,0.042348008385744235,126.28176100628927,264.16687631027247,205.00670859538783,마포구 공덕동
마포구,아현동,0.76,0.031865828092243184,95.02389937106918,198.779035639413,154.26247379454927,마포구 아현동
서대문구,천연동,0.97,0.055019852524106634,163.46398184912084,470.4197390811117,161.7583664208735,서대문구 천연동
서대문구,홍제1동,1.23,0.06976744186046513,207.27906976744183,596.5116279069769,205.11627906976744,서대문구 홍제1동
서대문구,홍제3동,0.81,0.04594441293250142,136.50085082246173,392.8247305728871,135.07657402155417,서대문구 홍제3동
서대문구,홍제2동,1.05,0.05955757231990925,176.94554736245038,509.21724333522405,175.09926262053318,서대문구 홍제2동
서대문구,홍은1동,1.58,0.08961996596710155,266.2609188882587,766.2507090187182,263.48269994327853,서대문구 홍은1동
서대문구,홍은2동,2.06,0.1168462847419172,347.150311968236,999.035734543392,343.52807714123657,서대문구 홍은2동
서대문구,남가좌1동,0.51,0.02892796369824164,85.94498014747593,247.33408961996602,85.04821327283042,서대문구 남가좌1동
서대문구,남가좌2동,0.77,0.04367555303460012,129.76006806579696,373.4259784458312,128.40612592172437,서대문구 남가좌2동
서대문구,북가좌1동,0.55,0.031196823596142943,92.68576290414069,266.7328417470222,91.71866137266024,서대문구 북가좌1동
서대문구,북가좌2동,0.84,0.0476460578559274,141.5564378899603,407.3737946681792,140.07941009642656,서대문구 북가좌2동
서대문구,충현동,1.12,0.06352807714123654,188.74191718661373,543.1650595575724,186.77254679523546,서대문구 충현동
서대문구,북아현동,0.46,0.026091888825865002,77.51900170164492,223.0856494611457,76.7101531480431,서대문구 북아현동
서대문구,신촌동,2.63,0.14917753828701075,443.206466250709,1275.4679523539419,438.58196256381166,서대문구 신촌동
서대문구,연희동,3.05,0.17300056721497448,513.9846851956892,1479.1548496880316,508.6216676120249,서대문구 연희동
서초구,서초1동,1.42,0.03022562792677736,113.67858663260964,247.15495955725845,167.20817369093237,서초구 서초1동
서초구,서초2동,1.24,0.02639421030225628,99.26862494678585,215.8254576415496,146.01277139208173,서초구 서초2동
서초구,서초3동,2.93,0.06236696466581525,234.56215410813115,509.9746700723713,345.01404853129,서초구 서초3동
서초구,서초4동,0.88,0.018731375053214136,70.44870157513837,153.166453810132,103.62196679438058,서초구 서초4동
서초구,잠원동,1.76,0.03746275010642827,140.89740315027674,306.332907620264,207.24393358876117,서초구 잠원동
서초구,반포본동,1.01,0.02149851000425713,80.85589612601106,175.79331630481056,118.92975734355043,서초구 반포본동
서초구,반포1동,1.0,0.02128565346956152,80.05534269902087,174.05278842060451,117.75223499361431,서초구 반포1동
서초구,반포2동,1.35,0.02873563218390805,108.07471264367815,234.97126436781608,158.96551724137933,서초구 반포2동
서초구,반포3동,1.28,0.027245636441038744,102.47083865474673,222.7875691783738,150.7228607918263,서초구 반포3동
서초구,반포4동,1.43,0.03043848446147297,114.47914005959984,248.89548744146447,168.38569604086842,서초구 반포4동
서초구,방배본동,0.67,0.014261387824606215,53.637079608343974,116.61536824180502,78.89399744572158,서초구 방배본동
서초구,방배1동,0.7,0.014899957428693059,56.03873988931461,121.83695189442314,82.42656449553,서초구 방배1동
서초구,방배2동,1.93,0.041081311196253724,154.50681140911024,335.9218816517667,227.26181353767558,서초구 방배2동
서초구,방배3동,2.4,0.05108556832694764,192.1328224776501,417.7266922094509,282.6053639846744,서초구 방배3동
서초구,방배4동,0.98,0.020859940400170286,78.45423584504043,170.5717326521924,115.39719029374204,서초구 방배4동
서초구,양재1동,5.76,0.12260536398467435,461.1187739463602,1002.5440613026822,678.2528735632185,서초구 양재1동
서초구,양재2동,7.58,0.1613452532992763,606.8194976585781,1319.3201362281825,892.5619412515964,서초구 양재2동
서초구,내곡동,12.68,0.26990208599404003,1015.1017454235846,2206.9893571732655,1493.0983397190296,서초구 내곡동
성동구,왕십리2동,0.41,0.024317912218268088,110.30604982206405,236.199881376038,60.989323843416365,성동구 왕십리2동
성동구,마장동,1.05,0.062277580071174385,282.491103202847,604.9021352313167,156.1921708185054,성동구 마장동
성동구,사근동,1.1,0.06524317912218269,295.9430604982207,633.7069988137605,163.6298932384342,성동구 사근동
성동구,행당1동,0.59,0.03499406880189798,158.73309608540924,339.8973902728352,87.76512455516014,성동구 행당1동
성동구,행당2동,0.42,0.02491103202846975,112.9964412811388,241.96085409252672,62.476868327402144,성동구 행당2동
성동구,응봉동,0.57,0.033807829181494664,153.35231316725975,328.37544483985766,84.79003558718861,성동구 응봉동
성동구,금호1가동,0.46,0.0272835112692764,123.75800711743773,265.0047449584817,68.4270462633452,성동구 금호1가동
성동구,금호4가동,0.84,0.0498220640569395,225.9928825622776,483.92170818505343,124.95373665480429,성동구 금호4가동
성동구,성수1가1동,1.98,0.11743772241992882,532.6975088967971,1140.6725978647687,294.5338078291815,성동구 성수1가1동
성동구,성수1가2동,0.89,0.052787663107947816,239.4448398576513,512.7265717674971,132.39145907473312,성동구 성수1가2동
성동구,성수2가1동,1.18,0.06998813760379596,317.4661921708185,679.7947805456703,175.53024911032028,성동구 성수2가1동
성동구,성수2가3동,1.03,0.06109134045077106,277.1103202846976,593.3801897983392,153.21708185053382,성동구 성수2가3동
성동구,송정동,0.75,0.04448398576512457,201.77935943060498,432.0729537366549,111.56583629893242,성동구 송정동
성동구,용답동,2.32,0.1376037959667853,624.1708185053379,1336.5456702253855,345.1103202846976,성동구 용답동
성동구,왕십리도선동,0.72,0.04270462633451957,193.70818505338082,414.79003558718864,107.10320284697508,성동구 왕십리도선동
성동구,금호2.3가동,0.64,0.03795966785290629,172.1850533807829,368.7022538552788,95.20284697508896,성동구 금호2.3가동
성동구,옥수동,1.95,0.11565836298932385,524.626334519573,1123.3896797153025,290.0711743772242,성동구 옥수동
성북구,돈암1동,0.49,0.019943019943019943,87.8091168091168,150.96866096866097,57.2962962962963,성북구 돈암1동
성북구,돈암2동,0.48,0.019536019536019536,86.01709401709402,147.88766788766787,56.12698412698413,성북구 돈암2동
성북구,안암동,1.33,0.05413105413105413,238.3390313390313,409.7720797720799,155.5185185185185,성북구 안암동
성북구,보문동,0.56,0.0227920227920228,100.35327635327637,172.53561253561256,65.48148148148151,성북구 보문동
성북구,정릉1동,0.44,0.01790801790801791,78.84900284900286,135.56369556369557,51.44973544973546,성북구 정릉1동
성북구,정릉2동,1.17,0.047619047619047616,209.66666666666663,360.4761904761905,136.8095238095238,성북구 정릉2동
성북구,정릉3동,3.71,0.150997150997151,664.8404558404559,1143.048433048433,433.8148148148149,성북구 정릉3동
성북구,정릉4동,3.13,0.12739112739112735,560.9031339031338,964.350834350834,365.9947089947088,성북구 정릉4동
성북구,길음1동,0.79,0.032153032153032154,141.56980056980058,243.3984533984534,92.37566137566137,성북구 길음1동
성북구,길음2동,0.58,0.023606023606023603,103.93732193732193,178.6975986975986,67.82010582010581,성북구 길음2동
성북구,월곡1동,0.81,0.03296703296703297,145.15384615384616,249.56043956043962,94.71428571428572,성북구 월곡1동
성북구,월곡2동,1.36,0.05535205535205536,243.71509971509968,419.0150590150592,159.02645502645504,성북구 월곡2동
성북구,장위1동,0.7,0.028490028490028487,125.44159544159542,215.66951566951562,81.85185185185185,성북구 장위1동
성북구,장위2동,0.67,0.02726902726902727,120.06552706552708,206.42653642653644,78.34391534391534,성북구 장위2동
성북구,장위3동,0.65,0.026455026455026457,116.4814814814815,200.26455026455028,76.00529100529101,성북구 장위3동
성북구,성북동,2.86,0.1164021164021164,512.5185185185185,881.1640211640213,334.42328042328035,성북구 성북동
성북구,삼선동,0.92,0.03744403744403745,164.86609686609688,283.45136345136365,107.57671957671958,성북구 삼선동
성북구,동선동,0.73,0.029711029711029718,130.81766381766383,224.91249491249488,85.35978835978838,성북구 동선동
성북구,종암동,1.46,0.05942205942205943,261.63532763532766,449.82498982498976,170.71957671957676,성북구 종암동
성북구,석관동,1.73,0.0704110704110704,310.019943019943,533.011803011803,202.2910052910053,성북구 석관동
송파구,풍납1동,0.77,0.022733982875701213,50.62857986418661,129.8565101860053,129.44729849424272,송파구 풍납1동
송파구,풍납2동,1.59,0.046944198405668734,104.54472984942429,268.14526129317983,267.30026572187785,송파구 풍납2동
송파구,거여1동,0.51,0.015057573073516387,33.53321523472099,86.0088573959256,85.73782108060229,송파구 거여1동
송파구,거여2동,0.53,0.015648066135222908,34.84824328314142,89.38175376439325,89.10008857395924,송파구 거여2동
송파구,마천1동,0.58,0.017124298789489224,38.13581340419249,97.81399468556243,97.50575730735164,송파구 마천1동
송파구,마천2동,0.89,0.026276941245940363,58.518748154709186,150.09388839681137,149.62090345438443,송파구 마천2동
송파구,방이1동,0.5,0.014762326542663125,32.87570121051078,84.32240921169178,84.05668733392383,송파구 방이1동
송파구,방이2동,0.8,0.023619722468261,52.60112193681724,134.91585473870683,134.49069973427814,송파구 방이2동
송파구,오륜동,3.17,0.0935931502804842,208.4319456746384,534.6040744021258,532.9193976970771,송파구 오륜동
송파구,오금동,1.65,0.04871567759078831,108.48981399468555,278.26395039858284,277.38706820194864,송파구 오금동
송파구,송파1동,0.79,0.02332447593740774,51.94360791260704,133.229406554473,132.80956598759963,송파구 송파1동
송파구,송파2동,0.53,0.015648066135222908,34.84824328314142,89.38175376439325,89.10008857395924,송파구 송파2동
송파구,석촌동,0.95,0.028048420431059932,62.46383229997048,160.21257750221434,159.70770593445522,송파구 석촌동
송파구,삼전동,0.95,0.028048420431059932,62.46383229997048,160.21257750221434,159.70770593445522,송파구 삼전동
송파구,가락본동,1.13,0.033362857986418665,74.29908473575435,190.56864481842342,189.9681133746679,송파구 가락본동
송파구,가락1동,1.34,0.039563035134337184,88.10687924416891,225.98405668733398,225.27192205491596,송파구 가락1동
송파구,가락2동,0.96,0.0283436669619132,63.12134632418069,161.8990256864482,161.38883968113376,송파구 가락2동
송파구,문정1동,0.56,0.0165338057277827,36.82078535577208,94.44109831709478,94.14348981399469,송파구 문정1동
송파구,문정2동,2.2,0.06495423678771775,144.65308532624744,371.0186005314438,369.8494242692649,송파구 문정2동
송파구,장지동,1.37,0.040448774726896966,90.07942131679954,231.04340124003548,230.31532329495133,송파구 장지동
송파구,위례동,2.55,0.07528786536758192,167.66607617360498,430.044286979628,428.68910540301147,송파구 위례동
송파구,잠실본동,0.94,0.027753173900206672,61.80631827576026,158.52612931798055,158.02657218777682,송파구 잠실본동
송파구,잠실4동,1.56,0.04605845881310895,102.57218777679363,263.08591674047835,262.2568644818424,송파구 잠실4동
송파구,잠실6동,2.79,0.08237378210806022,183.44641275465008,470.51904340124,469.0363153232949,송파구 잠실6동
송파구,잠실7동,0.6,0.01771479185119575,39.45084145261293,101.18689105403013,100.8680248007086,송파구 잠실7동
송파구,잠실2동,2.18,0.06436374372601122,143.338057277827,367.64570416297613,366.4871567759079,송파구 잠실2동
송파구,잠실3동,1.49,0.04399173309713611,97.96958960732212,251.28077945084144,250.48892825509301,송파구 잠실3동
양천구,목1동,1.41,0.08098793796668581,339.6634118322803,764.3641585295807,260.1332567489948,양천구 목1동
양천구,목2동,1.03,0.05916140149339461,248.12291786329698,558.3653072946584,190.02642159678348,양천구 목2동
양천구,목3동,0.53,0.030442274554853533,127.67489948305573,287.31418724870764,97.78058587018957,양천구 목3동
양천구,목4동,0.57,0.032739804709936815,137.310740953475,308.99827685238364,105.16025272831705,양천구 목4동
양천구,신월1동,0.65,0.03733486502010338,156.58242389431362,352.3664560597357,119.91958644457205,양천구 신월1동
양천구,신월2동,0.61,0.0350373348650201,146.9465824238943,330.6823664560597,112.53991958644457,양천구 신월2동
양천구,신월3동,0.87,0.049971280873061456,209.5795519816197,471.628948879954,160.50775416427342,양천구 신월3동
양천구,신월4동,0.52,0.02986789201608271,125.26593911545088,281.8931648477886,95.93566915565765,양천구 신월4동
양천구,신월5동,0.69,0.03963239517518667,166.2182653647329,374.0505456634118,127.29925330269958,양천구 신월5동
양천구,신월6동,0.41,0.02354968408960368,98.76737507179779,222.26191843767947,75.64158529580702,양천구 신월6동
양천구,신월7동,1.19,0.06835152211372772,286.6662837449741,645.1016657093622,219.54508902929345,양천구 신월7동
양천구,신정1동,0.7,0.04020677771395749,168.62722573233768,379.4715680643308,129.14417001723143,양천구 신정1동
양천구,신정2동,0.52,0.02986789201608271,125.26593911545088,281.8931648477886,95.93566915565765,양천구 신정2동
양천구,신정3동,2.72,0.1562320505456634,655.2372199885124,1474.518093049971,501.8173463526708,양천구 신정3동
양천구,신정6동,0.96,0.05514072372199885,231.26019529006317,520.4181504882251,177.1120045950603,양천구 신정6동
양천구,신정7동,1.21,0.06950028719126937,291.48420448018385,655.9437105112003,223.2349224583572,양천구 신정7동
양천구,목5동,1.81,0.10396323951751868,436.02182653647316,981.2050545663412,333.92992533027,양천구 목5동
양천구,신정4동,1.01,0.05801263641585296,243.3049971280873,547.5232624928202,186.33658816771973,양천구 신정4동
영등포구,여의동,8.4,0.3421588594704684,1606.7780040733194,2035.8452138492871,1989.9959266802443,영등포구 여의동
영등포구,당산1동,0.75,0.03054989816700612,143.4623217922607,181.7718940936864,177.6782077393076,영등포구 당산1동
영등포구,당산2동,1.55,0.06313645621181263,296.4887983706721,375.6619144602852,367.2016293279023,영등포구 당산2동
영등포구,양평1동,0.88,0.03584521384928717,168.32912423625254,213.2790224032587,208.47576374745415,영등포구 양평1동
영등포구,양평2동,3.0,0.12219959266802445,573.8492871690428,727.0875763747455,710.7128309572303,영등포구 양평2동
영등포구,신길1동,0.66,0.026883910386965373,126.2468431771894,159.95926680244395,156.3568228105906,영등포구 신길1동
영등포구,신길3동,0.52,0.02118126272912424,99.46720977596745,126.02851323828922,123.19022403258656,영등포구 신길3동
영등포구,신길4동,0.35,0.01425661914460285,66.94908350305498,84.82688391038695,82.91649694501018,영등포구 신길4동
영등포구,신길5동,0.47,0.019144602851323828,89.90305498981671,113.91038696537676,111.34501018329937,영등포구 신길5동
영등포구,신길6동,0.68,0.027698574338085542,130.0725050916497,164.806517311609,161.0949083503055,영등포구 신길6동
영등포구,신길7동,0.64,0.026069246435845208,122.42118126272915,155.112016293279,151.61873727087573,영등포구 신길7동
영등포구,대림1동,0.49,0.01995926680244399,93.72871690427698,118.75763747454174,116.08309572301424,영등포구 대림1동
영등포구,대림2동,0.55,0.022403258655804482,105.20570264765786,133.29938900203663,130.29735234215886,영등포구 대림2동
영등포구,대림3동,0.95,0.038696537678207736,181.7189409368636,230.244399185336,225.0590631364562,영등포구 대림3동
영등포구,영등포본동,1.02,0.04154786150712831,195.10875763747453,247.20977596741344,241.64236252545825,영등포구 영등포본동
영등포구,영등포동,1.26,0.05132382892057026,241.01670061099802,305.3767820773931,298.49938900203665,영등포구 영등포동
영등포구,도림동,0.89,0.03625254582484725,170.24195519348268,215.70264765784114,210.84480651731158,영등포구 도림동
영등포구,문래동,1.49,0.06069246435845214,285.01181262729125,361.1201629327902,352.9873727087576,영등포구 문래동
용산구,후암동,0.86,0.039323273891175126,88.0448102423411,212.18838591678104,130.19935985368085,용산구 후암동
용산구,용산2가동,1.96,0.08962048468221308,200.66026520347503,483.5921353452218,296.7334247828075,용산구 용산2가동
용산구,남영동,1.19,0.054412437128486514,121.82944673068128,293.6095107453133,180.15957933241887,용산구 남영동
용산구,원효로2동,0.71,0.03246456332876085,72.68815729309556,175.17878372199348,107.49016918152715,용산구 원효로2동
용산구,효창동,0.44,0.020118884316415186,45.04618198445358,108.5614997713763,66.61362597165068,용산구 효창동
용산구,용문동,0.28,0.012802926383173298,28.66575217192501,69.08459076360312,42.39048925468679,용산구 용문동
용산구,이촌1동,2.86,0.13077274805669867,292.8001828989483,705.6497485139461,432.9885688157293,용산구 이촌1동
용산구,이촌2동,1.22,0.055784179240969366,124.90077732053041,301.0114311842707,184.7014174668496,용산구 이촌2동
용산구,이태원1동,0.57,0.026063100137174208,58.355281207133075,140.63648834019202,86.29492455418381,용산구 이태원1동
용산구,이태원2동,0.86,0.039323273891175126,88.0448102423411,212.18838591678104,130.19935985368085,용산구 이태원2동
용산구,서빙고동,2.8,0.12802926383173294,286.6575217192501,690.8459076360309,423.90489254686776,용산구 서빙고동
용산구,보광동,0.71,0.03246456332876085,72.68815729309556,175.17878372199348,107.49016918152715,용산구 보광동
용산구,청파동,0.91,0.041609510745313216,93.16369455875628,224.52491998171013,137.76909007773205,용산구 청파동
용산구,원효로1동,0.59,0.026977594878829444,60.40283493369913,145.5711019661637,89.3228166438043,용산구 원효로1동
용산구,한강로동,2.9,0.13260173754000915,296.8952903520804,715.5189757658893,439.0443529949703,용산구 한강로동
용산구,한남동,3.01,0.1376314586191129,308.1568358481938,742.6593507087332,455.6977594878828,용산구 한남동
은평구,녹번동,1.79,0.06024907438572871,224.7290474587681,798.179737462134,233.46516324469883,은평구 녹번동
은평구,불광1동,3.13,0.10535173342308986,392.9619656681252,1395.6997643890945,408.2379670144732,은평구 불광1동
은평구,갈현1동,0.97,0.032648939750925615,121.78054527095254,432.53315382026256,126.51464153483677,은평구 갈현1동
은평구,갈현2동,0.96,0.03231235274318412,120.52507573207674,428.07404914170326,125.21036687983849,은평구 갈현2동
은평구,구산동,1.38,0.04644900706832717,173.25479636486025,615.3564456411983,179.9899023897678,은평구 구산동
은평구,대조동,0.85,0.0286098956580276,106.71491080444294,379.02389767754966,110.86334567485694,은평구 대조동
은평구,응암1동,1.2,0.040390440928980136,150.6563446650959,535.0925614271289,156.51295859979803,은평구 응암1동
은평구,응암2동,0.78,0.02625378660383709,97.92662403231236,347.81016492763376,101.73342308986872,은평구 응암2동
은평구,신사1동,0.84,0.028273308650286093,105.45944126556715,374.5647929989902,109.55907101985859,은평구 신사1동
은평구,신사2동,1.0,0.03365870077415012,125.54695388757996,445.9104678559408,130.4274654998317,은평구 신사2동
은평구,증산동,0.81,0.0272635476270616,101.69303264893976,361.18747896331206,105.64624705486371,은평구 증산동
은평구,수색동,1.29,0.04341972399865365,161.95557051497812,575.2245035341635,168.2514304947829,은평구 수색동
은평구,진관동,11.53,0.3880848199259509,1447.5563783237967,5141.347694378997,1503.8286772130598,은평구 진관동
은평구,불광2동,1.38,0.04644900706832717,173.25479636486025,615.3564456411983,179.9899023897678,은평구 불광2동
은평구,응암3동,0.63,0.021204981487714568,79.09458094917538,280.92359474924257,82.16930326489395,은평구 응암3동
은평구,역촌동,1.16,0.03904409289801413,145.6344665095927,517.2561427128911,151.29585997980473,은평구 역촌동
종로구,사직동,1.23,0.05144291091593475,105.09786700125471,732.8042659974907,197.6951066499373,종로구 사직동
종로구,삼청동,1.49,0.06231702216645755,127.31367628607279,887.7059807611878,239.4843161856964,종로구 삼청동
종로구,부암동,2.27,0.09493935591802594,193.961104140527,1352.4111250522794,364.8519447929737,종로구 부암동
종로구,평창동,8.87,0.3709744876620661,757.9008782936011,5284.53157674613,1425.6549560853198,종로구 평창동
종로구,무악동,0.36,0.0150564617314931,30.7603513174404,214.47929736511918,57.86198243412799,종로구 무악동
종로구,교남동,0.35,0.01463822668339607,29.90589711417817,208.52153910497702,56.254705144291094,종로구 교남동
종로구,가회동,0.54,0.02258469259723965,46.14052697616062,321.7189460476788,86.79297365119196,종로구 가회동
종로구,종로1.2.3.4가동,2.35,0.09828523630280216,200.79673776662486,1400.0731911334174,377.7101631116687,종로구 종로1.2.3.4가동
종로구,종로5·6가동,0.6,0.02509410288582184,51.267252195733995,357.465495608532,96.43663739021332,종로구 종로5·6가동
종로구,이화동,0.78,0.03262233375156838,66.64742785445421,464.7051442910917,125.36762860727728,종로구 이화동
종로구,창신1동,0.31,0.012965286491007946,26.488080301129237,184.6905060644082,49.82559598494353,종로구 창신1동
종로구,창신2동,0.26,0.010874111250522794,22.215809284818068,154.90171476369719,41.7892095357591,종로구 창신2동
종로구,창신3동,0.23,0.009619406106231704,19.652446675031367,137.02843998327066,36.96737766624844,종로구 창신3동
종로구,숭인1동,0.23,0.009619406106231704,19.652446675031367,137.02843998327066,36.96737766624844,종로구 숭인1동
종로구,숭인2동,0.35,0.01463822668339607,29.90589711417817,208.52153910497702,56.254705144291094,종로구 숭인2동
종로구,청운효자동,2.57,0.10748640736093684,219.59473023839402,1531.1438728565454,413.0702634880803,종로구 청운효자동
종로구,혜화동,1.12,0.046842325386867424,95.69887076537016,667.2689251359266,180.01505646173152,종로구 혜화동
중구,소공동,0.95,0.09538152610441766,286.62148594377516,1351.1746987951806,412.3343373493977,중구 소공동
중구,회현동,0.84,0.08433734939759037,253.43373493975898,1194.7228915662652,364.5903614457832,중구 회현동
중구,명동,0.99,0.09939759036144576,298.6897590361445,1408.0662650602405,429.69578313253,중구 명동
중구,필동,1.14,0.11445783132530114,343.94578313253004,1621.4096385542166,494.8012048192769,중구 필동
중구,장충동,1.36,0.13654618473895586,410.3212851405623,1934.3132530120486,590.2891566265063,중구 장충동
중구,광희동,0.74,0.07429718875502007,223.2630522088353,1052.4939759036145,321.18674698795184,중구 광희동
중구,을지로동,0.6,0.06024096385542167,181.0240963855421,853.3734939759033,260.4216867469879,중구 을지로동
중구,신당5동,0.39,0.0391566265060241,117.6656626506024,554.6927710843373,169.27409638554218,중구 신당5동
중구,황학동,0.33,0.033132530120481916,99.56325301204821,469.3554216867468,143.23192771084337,중구 황학동
중구,중림동,0.48,0.04819277108433735,144.81927710843368,682.698795180723,208.3373493975904,중구 중림동
중구,신당동,0.55,0.05522088353413655,165.93875502008032,782.2590361445784,238.71987951807233,중구 신당동
중구,다산동,0.51,0.05120481927710843,153.87048192771084,725.367469879518,221.35843373493972,중구 다산동
중구,약수동,0.48,0.04819277108433735,144.81927710843368,682.698795180723,208.3373493975904,중구 약수동
중구,청구동,0.34,0.034136546184738964,102.58032128514057,483.57831325301214,147.57228915662654,중구 청구동
중구,동화동,0.26,0.026104417670682733,78.4437751004016,369.7951807228917,112.84939759036145,중구 동화동
중랑구,면목2동,0.73,0.039459459459459466,49.20594594594594,297.80054054054057,168.29459459459463,중랑구 면목2동
중랑구,면목4동,1.1,0.05945945945945946,74.14594594594595,448.74054054054056,253.5945945945946,중랑구 면목4동
중랑구,면목5동,0.64,0.034594594594594595,43.13945945945946,261.08540540540537,147.54594594594596,중랑구 면목5동
중랑구,면목7동,0.87,0.04702702702702703,58.64270270270272,354.912972972973,200.5702702702703,중랑구 면목7동
중랑구,상봉1동,0.85,0.045945945945945935,57.29459459459459,346.75405405405405,195.95945945945942,중랑구 상봉1동
중랑구,상봉2동,0.68,0.03675675675675676,45.83567567567568,277.4032432432433,156.7675675675676,중랑구 상봉2동
중랑구,중화1동,0.68,0.03675675675675676,45.83567567567568,277.4032432432433,156.7675675675676,중랑구 중화1동
중랑구,중화2동,0.98,0.052972972972972966,66.0572972972973,399.7870270270269,225.9297297297297,중랑구 중화2동
중랑구,묵1동,1.2,0.06486486486486487,80.88648648648648,489.5351351351352,276.64864864864865,중랑구 묵1동
중랑구,묵2동,0.7,0.03783783783783783,47.18378378378378,285.5621621621621,161.3783783783784,중랑구 묵2동
중랑구,망우3동,0.99,0.05351351351351352,66.73135135135135,403.86648648648656,228.23513513513518,중랑구 망우3동
중랑구,신내1동,2.53,0.13675675675675675,170.53567567567566,1032.1032432432432,583.2675675675675,중랑구 신내1동
중랑구,신내2동,0.99,0.05351351351351352,66.73135135135135,403.86648648648656,228.23513513513518,중랑구 신내2동
중랑구,면목본동,1.01,0.05459459459459458,68.07945945945946,412.02540540540537,232.84594594594589,중랑구 면목본동
중랑구,면목3.8동,1.67,0.09027027027027026,112.567027027027,681.2697297297296,385.00270270270266,중랑구 면목3.8동
중랑구,망우본동,2.88,0.15567567567567567,194.12756756756755,1174.8843243243246,663.9567567567567,중랑구 망우본동
