상세영업상태코드,상세영업상태명,폐업일자,지번주소,사업장명,최종수정일자,데이터갱신일자,공연장형태구분명,최초등록시점
13,영업중,0,서울특별시 종로구 관수동 59-7번지 5층 ,서울극장 5관,20180104094949,2018-08-31 23:59:59.0,영화관,20030212
13,영업중,0,서울특별시 종로구 관수동 59-7번지 지하1층 ,서울극장 3관,20180104094911,2018-08-31 23:59:59.0,영화관,20030212
13,영업중,0,서울특별시 종로구 관수동 59-7번지 2층 3중?상층 ,서울극장 2관,20180104094746,2018-08-31 23:59:59.0,영화관,20030212
13,영업중,0,서울특별시 종로구 관수동 59-7번지 3층 ,서울아트시네마,20150423180214,2018-08-31 23:59:59.0,영화관,20030802
13,영업중,0,서울특별시 종로구 관수동 59-7번지 5층 ,서울극장 10관,20180104095240,2018-08-31 23:59:59.0,영화관,20030802
13,영업중,0,서울특별시 종로구 예지동 222번지 4층 ,바다극장,20090513171046,2018-08-31 23:59:59.0,영화관,19720220
13,영업중,0,서울특별시 종로구 돈의동 137번지 지하4층 ,CGV피카디리1958 8관,20190423144506,2019-04-25 02:40:00.0,영화관,20041112
13,영업중,0,서울특별시 종로구 돈의동 137번지 지하4층 ,CGV피카디리1958 6관,20190423144440,2019-04-25 02:40:00.0,영화관,20041112
13,영업중,0,서울특별시 종로구 돈의동 137번지 지하4층 ,CGV피카디리1958 5관,20190423144427,2019-04-25 02:40:00.0,영화관,20041112
13,영업중,0,서울특별시 종로구 돈의동 137번지 지하4층 ,CGV피카디리1958 4관,20190423144416,2019-04-25 02:40:00.0,영화관,20041112
13,영업중,0,서울특별시 종로구 돈의동 137번지 지하4층 ,CGV피카디리1958 7관,20190423144453,2019-04-25 02:40:00.0,영화관,20041112
13,영업중,0,서울특별시 종로구 돈의동 137번지 지하2층 ,CGV피카디리1958 3관,20190423144402,2019-04-25 02:40:00.0,영화관,20041112
13,영업중,0,서울특별시 종로구 돈의동 137번지 지하2층 ,CGV피카디리1958 2관,20190423175921,2019-04-25 02:40:00.0,영화관,20041112
13,영업중,0,서울특별시 종로구 돈의동 137번지 지하2층 ,CGV피카디리1958 1관,20190422144345,2019-04-24 02:40:00.0,영화관,20041112
13,영업중,0,서울특별시 종로구 명륜2가 41-9번지 4층 ,CGV 대학로 8관,20190722152613,2019-07-24 02:40:00.0,영화관,20040630
13,영업중,0,서울특별시 종로구 명륜2가 41-9번지 3층 ,CGV 대학로 7관,20190423145332,2019-04-25 02:40:00.0,영화관,20040630
13,영업중,0,서울특별시 종로구 명륜2가 41-9번지 2층 ,CGV 대학로 6관,20190423145440,2019-04-25 02:40:00.0,영화관,20040630
13,영업중,0,서울특별시 종로구 명륜2가 41-9번지 지하2층 ,CGV 대학로 4관,20190423145506,2019-04-25 02:40:00.0,영화관,20040630
13,영업중,0,서울특별시 종로구 명륜2가 41-9번지 지하2층 ,CGV 대학로 3관,20190423145523,2019-04-25 02:40:00.0,영화관,20040630
13,영업중,0,서울특별시 종로구 묘동 56번지 단성사 지하2층 ,아산엠인터내셔널 단성사 1관,20110131134656,2018-08-31 23:59:59.0,영화관,20060925
13,영업중,0,서울특별시 종로구 명륜2가 41-9번지 지하1층 ,CGV 대학로 5관,20200205102318,2020-02-07 02:40:00.0,영화관,20050526
13,영업중,0,서울특별시 종로구 명륜2가 41-9번지 지하3층 ,CGV 대학로 2관,20190423145611,2019-04-25 02:40:00.0,영화관,20040630
13,영업중,0,서울특별시 종로구 명륜2가 41-9번지 지하3층 ,CGV 대학로 1관,20190423145700,2019-04-25 02:40:00.0,영화관,20040630
13,영업중,0,서울특별시 종로구 관수동 59-7번지 신관2층 ,서울극장 플러스관,20200414122850,2020-04-16 02:40:00.0,영화관,20030918
13,영업중,0,서울특별시 종로구 관수동 59-7번지 6층 ,서울극장 H관,20180104095333,2018-08-31 23:59:59.0,영화관,20030802
13,영업중,0,서울특별시 종로구 신문로2가 1-181번지 복합문화공간 에무 3층 ,에무 시네마 2관,20180713104954,2018-08-31 23:59:59.0,영화관,20180713
13,영업중,0,서울특별시 종로구 신문로2가 1-181번지 ,에무 시네마 1관,20190501152508,2019-05-03 02:40:00.0,영화관,20160309
13,영업중,0,서울특별시 종로구 묘동 56번지 단성사 지하2층 ,아산엠인터내셔널 단성사 3관,20100914161927,2018-08-31 23:59:59.0,영화관,20060925
13,영업중,0,서울특별시 종로구 묘동 56번지 단성사 지하2층 ,아산엠인터내셔널 단성사 2관,20100914161905,2018-08-31 23:59:59.0,영화관,20060925
13,영업중,0,서울특별시 종로구 신문로1가 226번지 흥국생명빌딩 지하2층 ,씨네큐브광화문 2관,20181102155051,2018-11-12 04:00:00.0,영화관,20030212
13,영업중,0,서울특별시 종로구 신문로1가 226번지 흥국생명빌딩 지하2층 ,씨네큐브광화문 1관,20181102154929,2018-11-12 04:00:00.0,영화관,20030212
13,영업중,0,서울특별시 종로구 낙원동 284-6번지 ,낭만극장,20181102154538,2018-11-12 04:00:00.0,영화관,20030212
13,영업중,0,서울특별시 종로구 낙원동 284-6번지 ,허리우드클래식,20200323140225,2020-03-25 02:40:00.0,영화관,20030212
13,영업중,0,서울특별시 종로구 관수동 59-7번지 지하1층 ,서울극장 8관,20180104095131,2018-08-31 23:59:59.0,영화관,20030212
13,영업중,0,서울특별시 종로구 관수동 59-7번지 12층 ,서울극장 7관,20180104095046,2018-08-31 23:59:59.0,영화관,20030212
13,영업중,0,서울특별시 종로구 관수동 59-7번지 3층 ,독립영화전용관 인디스페이스,20171012114214,2018-08-31 23:59:59.0,영화관,20030212
13,영업중,0,서울특별시 중구 남대문로2가 130번지 ,롯데시네마 에비뉴엘5 샤롯데,20200113194247,2020-01-15 02:40:00.0,영화관,20050322
13,영업중,0,서울특별시 중구 충무로1가 24-23번지 캣츠빌딩 ,씨큐엔(CQN)명동5관,20051222132734,2018-08-31 23:59:59.0,영화관,20051222
13,영업중,0,서울특별시 중구 충무로1가 24-23번지 캣츠빌딩 ,씨큐엔(CQN)명동4관,20051222132548,2018-08-31 23:59:59.0,영화관,20051222
13,영업중,0,서울특별시 중구 충무로1가 24-23번지 캣츠빌딩 ,씨큐엔(CQN)명동3관,20051222132336,2018-08-31 23:59:59.0,영화관,20051222
13,영업중,0,서울특별시 중구 충무로1가 24-23번지 캣츠빌딩 ,씨큐엔(CQN)명동2관,20051222132155,2018-08-31 23:59:59.0,영화관,20051222
13,영업중,0,서울특별시 중구 충무로4가 131-6번지 ,극동극장,20030520181219,2018-08-31 23:59:59.0,영화관,20030520
13,영업중,0,서울특별시 중구 남대문로2가 130번지 ,롯데시네마 에비뉴엘5 <1관>,20200113194247,2020-01-15 02:40:00.0,영화관,20050322
13,영업중,0,서울특별시 중구 남대문로2가 130번지 ,롯데시네마 에비뉴엘5 <5관>,20200113194247,2020-01-15 02:40:00.0,영화관,20050322
13,영업중,0,서울특별시 중구 남대문로2가 130번지 ,롯데시네마 에비뉴엘5 <3관>,20200113194247,2020-01-15 02:40:00.0,영화관,20050322
13,영업중,0,서울특별시 중구 남대문로2가 130번지 ,롯데시네마 에비뉴엘5 <2관>,20200113194247,2020-01-15 02:40:00.0,영화관,20050322
13,영업중,0,서울특별시 중구 충무로4가 125-18번지 ,대한극장(11관),20171019144528,2018-08-31 23:59:59.0,영화관,20011212
13,영업중,0,서울특별시 중구 초동 41번지 ,스카라극장,20030520183350,2018-08-31 23:59:59.0,영화관,20030520
13,영업중,0,서울특별시 중구 충무로4가 125-18번지 ,대한극장(2관),20171018180032,2018-08-31 23:59:59.0,영화관,20011212
13,영업중,0,서울특별시 중구 명동2가 83-5번지 아바타빌딩 8층 ,CGV 명동 5관,20190423160718,2019-04-25 02:40:00.0,영화관,20011224
13,영업중,0,서울특별시 중구 충무로1가 24-23번지 캣츠빌딩 ,씨큐엔(CQN)명동1관,20051222132801,2018-08-31 23:59:59.0,영화관,20051222
13,영업중,0,서울특별시 중구 필동2가 19-1번지 ,대한극장(9관),20171019143656,2018-08-31 23:59:59.0,영화관,20050623
13,영업중,0,서울특별시 중구 장충동2가 201-6번지 ,씨너스 이오이(EOE)4 남산자동차극장,20150206104419,2018-08-31 23:59:59.0,자동차극장,20030520
13,영업중,0,서울특별시 중구 명동2가 83-5번지 아바타빌딩 8층 ,CGV 명동 4관,20190423160201,2019-04-25 02:40:00.0,영화관,20011224
13,영업중,0,서울특별시 중구 명동2가 83-5번지 아바타빌딩 8층 ,CGV 명동 3관,20190423160659,2019-04-25 02:40:00.0,영화관,20011224
13,영업중,0,서울특별시 중구 충무로4가 125-18번지 ,대한극장(10관),20171019144124,2018-08-31 23:59:59.0,영화관,20011212
13,영업중,0,서울특별시 중구 충무로4가 125-18번지 ,대한극장(5관),20171019090455,2018-08-31 23:59:59.0,영화관,20011212
13,영업중,0,서울특별시 중구 충무로4가 125-18번지 ,대한극장(3관),20171019135647,2018-08-31 23:59:59.0,영화관,20011212
13,영업중,0,서울특별시 중구 을지로6가 17-2번지 현대시티타워 ,CGV 동대문 제3관,20190424101801,2019-04-26 02:40:00.0,영화관,20171219
13,영업중,0,서울특별시 중구 을지로6가 17-2번지 현대시티타워 ,CGV 동대문 제2관,20190424101748,2019-04-26 02:40:00.0,영화관,20171219
13,영업중,0,서울특별시 중구 을지로6가 17-2번지 현대시티타워 ,CGV 동대문 제6관,20190424101846,2019-04-26 02:40:00.0,영화관,20171219
13,영업중,0,서울특별시 중구 을지로6가 17-2번지 현대시티타워 ,CGV 동대문 제5관,20190424101835,2019-04-26 02:40:00.0,영화관,20171219
13,영업중,0,서울특별시 중구 을지로6가 17-2번지 현대시티타워 ,CGV 동대문 제4관,20190424101812,2019-04-26 02:40:00.0,영화관,20171219
13,영업중,0,서울특별시 중구 봉래동2가 122번지 서울역 ,KTX시네마,20150206131538,2018-08-31 23:59:59.0,영화관,20090211
13,영업중,0,서울특별시 중구 을지로6가 18-21번지 굿모닝시티 ,메가박스중앙(주) 동대문점 8관,20191217181936,2019-12-19 02:40:00.0,영화관,20080910
13,영업중,0,서울특별시 중구 충무로2가 65-9번지 ,CGV명동역 씨네라이브러리 ART 5관,20191111143306,2019-11-13 02:40:00.0,영화관,20060406
13,영업중,0,서울특별시 중구 필동2가 19-1번지 ,대한극장(4관),20171019140114,2018-08-31 23:59:59.0,영화관,20060714
13,영업중,0,서울특별시 중구 충무로2가 65-9번지 ,CGV명동역 씨네라이브러리 ART 1관,20190423160532,2019-04-25 02:40:00.0,영화관,20060406
13,영업중,0,서울특별시 중구 충무로2가 65-9번지 ,CGV명동역 씨네라이브러리 ART 4관,20191111143306,2019-11-13 02:40:00.0,영화관,20060406
13,영업중,0,서울특별시 중구 충무로2가 65-9번지 ,인사이드시네마,20060406132854,2018-08-31 23:59:59.0,영화관,20060406
13,영업중,0,서울특별시 중구 을지로6가 18-21번지 굿모닝시티 ,메가박스중앙(주) 동대문점 7관,20191217181924,2019-12-19 02:40:00.0,영화관,20080910
13,영업중,0,서울특별시 중구 을지로6가 18-21번지 굿모닝시티 ,메가박스중앙(주) 동대문점 6관,20191217181947,2019-12-19 02:40:00.0,영화관,20080910
13,영업중,0,서울특별시 중구 을지로6가 18-21번지 굿모닝시티 ,메가박스중앙(주) 동대문점 5관,20191217181912,2019-12-19 02:40:00.0,영화관,20080910
13,영업중,0,서울특별시 중구 을지로6가 18-21번지 굿모닝시티 ,메가박스중앙(주) 동대문점 4관,20191217181900,2019-12-19 02:40:00.0,영화관,20080910
13,영업중,0,서울특별시 중구 을지로6가 18-21번지 굿모닝시티 ,메가박스중앙(주) 동대문점 3관,20191217181846,2019-12-19 02:40:00.0,영화관,20080910
13,영업중,0,서울특별시 중구 을지로6가 18-21번지 굿모닝시티 ,메가박스중앙(주) 동대문점 2관,20191217181832,2019-12-19 02:40:00.0,영화관,20080910
13,영업중,0,서울특별시 중구 을지로6가 18-21번지 굿모닝시티 ,메가박스중앙(주) 동대문점 COMFORT 1관,20191217181813,2019-12-19 02:40:00.0,영화관,20080910
13,영업중,0,서울특별시 중구 을지로6가 17-2번지 현대시티타워 ,CGV 동대문 제1관,20190424101737,2019-04-26 02:40:00.0,영화관,20171219
13,영업중,0,서울특별시 중구 초동 18-5번지 ,주식회사 명보아트홀(명보아트시네마),20190827164809,2019-08-29 02:40:00.0,영화관,20130710
13,영업중,0,서울특별시 중구 충정로1가 68번지 ,청춘극장,20150326110339,2018-08-31 23:59:59.0,영화관,20130227
13,영업중,0,서울특별시 중구 충무로2가 65-9번지 ,인사이드시네마,20060406132621,2018-08-31 23:59:59.0,영화관,20060406
13,영업중,0,서울특별시 중구 초동 18-5번지 ,명보 <<125관>>,20050430111012,2018-08-31 23:59:59.0,영화관,20030520
13,영업중,0,서울특별시 중구 충무로4가 125-18번지 ,대한극장(8관),20171019142902,2018-08-31 23:59:59.0,영화관,20011212
13,영업중,0,서울특별시 중구 충무로4가 125-18번지 ,대한극장(7관),20171019142454,2018-08-31 23:59:59.0,영화관,20011212
13,영업중,0,서울특별시 중구 충무로4가 125-18번지 ,대한극장(6관),20180116101353,2018-08-31 23:59:59.0,영화관,20011212
13,영업중,0,서울특별시 중구 충무로1가 24-23번지 8910층 ,명동시네마,20050518105628,2018-08-31 23:59:59.0,영화관,20030520
13,영업중,0,서울특별시 중구 충무로2가 65-9번지 ,CGV 명동 1관,20190423160635,2019-04-25 02:40:00.0,영화관,20030520
13,영업중,0,서울특별시 중구 충무로2가 65-9번지 ,CGV명동역 씨네라이브러리 ART 3관,20191111143306,2019-11-13 02:40:00.0,영화관,20060406
13,영업중,0,서울특별시 중구 명동2가 83-5번지 아바타빌딩 8층 ,CGV 명동 2관,20190423160645,2019-05-10 02:40:00.0,영화관,20011224
13,영업중,0,서울특별시 중구 초동 19-4번지 초동빌딩3층 ,시네아스트극장,20030520193222,2018-08-31 23:59:59.0,영화관,20030520
13,영업중,0,서울특별시 중구 충무로2가 65-9번지 ,CGV명동역 씨네라이브러리 ART 2관,20190423160454,2019-04-25 02:40:00.0,영화관,20060406
13,영업중,0,서울특별시 용산구 한강로3가 16-9번지 4~5층 ,롯데시네마 용산 제2관,20200115183527,2020-01-17 02:40:00.0,영화관,20021216
13,영업중,0,서울특별시 용산구 한강로3가 40-961번지 ,씨지브이 용산아이파크몰 제12관,20190418180851,2019-04-20 02:40:00.0,영화관,20170714
13,영업중,0,서울특별시 용산구 한강로3가 40-999번지 ,씨지브이 용산아이파크몰 제6관,20190418181848,2019-04-20 02:40:00.0,영화관,20041007
13,영업중,0,서울특별시 용산구 한강로3가 16-9번지 4~5층 ,롯데시네마 용산 제5관,20200115183849,2020-01-17 02:40:00.0,영화관,20021216
13,영업중,0,서울특별시 용산구 한강로3가 16-9번지 4~5층 ,롯데시네마 용산 제4관,20200115183743,2020-01-17 02:40:00.0,영화관,20021216
13,영업중,0,서울특별시 용산구 한강로3가 40-999번지 ,씨지브이 용산아이파크몰 제5관,20190418181726,2019-04-20 02:40:00.0,영화관,20041007
13,영업중,0,서울특별시 용산구 한강로3가 40-961번지 ,씨지브이 용산아이파크몰 제15관,20190418181021,2019-04-20 02:40:00.0,영화관,20170714
13,영업중,0,서울특별시 용산구 한강로3가 40-999번지 ,씨지브이 용산아이파크몰 제10관,20190418180759,2019-04-20 02:40:00.0,영화관,20041007
13,영업중,0,서울특별시 용산구 한강로3가 40-999번지 ,씨지브이 용산아이파크몰 제7관,20190418181824,2019-04-20 02:40:00.0,영화관,20041007
13,영업중,0,서울특별시 용산구 한강로3가 40-999번지 ,씨지브이 용산아이파크몰 제4관,20190418181641,2019-04-20 02:40:00.0,영화관,20041007
13,영업중,0,서울특별시 용산구 한강로3가 40-961번지 ,씨지브이 용산아이파크몰 제14관,20190418180636,2019-04-20 02:40:00.0,영화관,20170714
13,영업중,0,서울특별시 용산구 한강로3가 40-961번지 ,씨지브이 용산아이파크몰 제13관,20190418180936,2019-04-20 02:40:00.0,영화관,20170714
13,영업중,0,서울특별시 용산구 한강로3가 16-9번지 4~5층 ,롯데시네마 용산 제1관,20200115183039,2020-01-17 02:40:00.0,영화관,20021216
13,영업중,0,서울특별시 용산구 한강로3가 16-9번지 4~5층 ,롯데시네마 용산 제7관,20200115184121,2020-01-17 02:40:00.0,영화관,20021216
13,영업중,0,서울특별시 용산구 한강로3가 40-999번지 ,씨지브이 용산아이파크몰 제9관,20190418180730,2019-04-20 02:40:00.0,영화관,20041007
13,영업중,0,서울특별시 용산구 한강로3가 40-999번지 ,씨지브이 용산아이파크몰 제3관,20190418181157,2019-04-20 02:40:00.0,영화관,20041007
13,영업중,0,서울특별시 용산구 한강로3가 40-961번지 ,씨지브이 용산아이파크몰 제20관,20190418180704,2019-04-20 02:40:00.0,영화관,20170714
13,영업중,0,서울특별시 용산구 한강로3가 40-961번지 ,씨지브이 용산아이파크몰 제19관,20190418181705,2019-04-20 02:40:00.0,영화관,20170714
13,영업중,0,서울특별시 용산구 한강로3가 40-961번지 ,씨지브이 용산아이파크몰 제18관,20190418181617,2019-04-20 02:40:00.0,영화관,20170714
13,영업중,0,서울특별시 용산구 한강로3가 40-961번지 ,씨지브이 용산아이파크몰 제11관,20190418180825,2019-04-20 02:40:00.0,영화관,20170714
13,영업중,0,서울특별시 용산구 한강로3가 40-999번지 ,씨지브이 용산아이파크몰 제8관,20190418180958,2019-04-20 02:40:00.0,영화관,20041007
13,영업중,0,서울특별시 용산구 한강로3가 40-999번지 ,씨지브이 용산아이파크몰 제2관,20190418180446,2019-04-20 02:40:00.0,영화관,20041007
13,영업중,0,서울특별시 용산구 한강로3가 40-961번지 ,씨지브이 용산아이파크몰 제16관,20190418181119,2019-04-20 02:40:00.0,영화관,20170714
13,영업중,0,서울특별시 용산구 한강로3가 40-961번지 ,씨지브이 용산아이파크몰 제17관,20190418181137,2019-04-20 02:40:00.0,영화관,20170714
13,영업중,0,서울특별시 용산구 한강로3가 16-9번지 4~5층 ,롯데시네마 용산 제6관,20200115183944,2020-01-17 02:40:00.0,영화관,20021216
13,영업중,0,서울특별시 용산구 한강로3가 40-999번지 ,씨지브이 용산아이파크몰 제1관,20190418181056,2019-05-10 02:40:00.0,영화관,20041007
13,영업중,0,서울특별시 용산구 한강로3가 16-9번지 4~5층 ,롯데시네마 용산 제8관,20200115184219,2020-01-17 02:40:00.0,영화관,20021216
13,영업중,0,서울특별시 용산구 한강로3가 16-9번지 4~5층 ,롯데시네마 용산 제3관,20200115183636,2020-01-17 02:40:00.0,영화관,20021216
13,영업중,0,서울특별시 성동구 행당동 168-151번지 왕십리민자역사 ,CGV 왕십리 3관,20190423100659,2019-04-25 02:40:00.0,영화관,20081226
13,영업중,0,서울특별시 성동구 행당동 168-151번지 왕십리민자역사 ,CGV 왕십리 5관,20190422154939,2019-04-24 02:40:00.0,영화관,20081226
13,영업중,0,서울특별시 성동구 행당동 168-151번지 왕십리민자역사 ,CGV 왕십리 8관,20190422155111,2019-04-24 02:40:00.0,영화관,20081226
13,영업중,0,서울특별시 성동구 행당동 168-151번지 왕십리민자역사 ,CGV 왕십리 10관,20190422155205,2019-04-24 02:40:00.0,영화관,20081226
13,영업중,0,서울특별시 성동구 행당동 168-151번지 왕십리민자역사 ,CGV 왕십리 2관,20190423100601,2019-04-25 02:40:00.0,영화관,20081226
13,영업중,0,서울특별시 성동구 행당동 168-151번지 왕십리민자역사 ,CGV 왕십리 1관,20200225145336,2020-02-27 02:40:00.0,영화관,20081224
13,영업중,0,서울특별시 성동구 행당동 168-151번지 왕십리민자역사 ,CGV 왕십리 7관,20190422155040,2019-04-24 02:40:00.0,영화관,20081226
13,영업중,0,서울특별시 성동구 행당동 168-151번지 왕십리민자역사 ,CGV 왕십리 6관,20190422155011,2019-04-24 02:40:00.0,영화관,20081226
13,영업중,0,서울특별시 성동구 성수동1가 656-335번지 ,메가박스중앙(주) 성수지점 더부티크 102호,20191213163233,2019-12-15 02:40:00.0,영화관,20191106
13,영업중,0,서울특별시 성동구 성수동1가 656-335번지 ,메가박스중앙(주) 성수지점 더부티크 101호,20191213163035,2019-12-15 02:40:00.0,영화관,20191106
13,영업중,0,서울특별시 성동구 성수동1가 656-335번지 ,메가박스중앙(주) 성수지점 5관,20191213162959,2019-12-15 02:40:00.0,영화관,20191106
13,영업중,0,서울특별시 성동구 성수동1가 656-335번지 ,메가박스중앙(주) 성수지점 4관,20191213162927,2019-12-15 02:40:00.0,영화관,20191106
13,영업중,0,서울특별시 성동구 성수동1가 656-335번지 ,메가박스중앙(주) 성수지점 MX관,20191213162857,2019-12-15 02:40:00.0,영화관,20191106
13,영업중,0,서울특별시 성동구 성수동1가 656-335번지 ,메가박스중앙(주) 성수지점 2관,20191213162807,2019-12-15 02:40:00.0,영화관,20191106
13,영업중,0,서울특별시 성동구 성수동1가 656-335번지 ,메가박스중앙(주) 성수지점 1관,20191213161934,2019-12-15 02:40:00.0,영화관,20191106
13,영업중,0,서울특별시 광진구 군자동 477-12번지 ,메가박스 군자9,20180912173159,2018-09-12 23:59:59.0,영화관,20090723
13,영업중,0,서울특별시 성동구 행당동 168-151번지 왕십리민자역사 ,CGV 왕십리 9관,20190422155137,2019-04-24 02:40:00.0,영화관,20081226
13,영업중,0,서울특별시 성동구 행당동 168-151번지 왕십리민자역사 ,CGV 왕십리 4관,20190422154912,2019-04-24 02:40:00.0,영화관,20081226
13,영업중,0,서울특별시 광진구 자양동 9-4번지 몰오브케이 ,CGV 건대입구 제1관,20190419105524,2019-04-21 02:40:00.0,영화관,20180126
13,영업중,0,서울특별시 광진구 자양동 227-7번지 더샵스타시티 ,롯데시네마 건대입구관 (제2관),20200115110631,2020-01-17 02:40:00.0,영화관,20070126
13,영업중,0,서울특별시 광진구 구의동 546-4번지 테크노마트10층 ,CGV강변11 제4관[CGV 아트하우스],20190423130725,2019-04-25 02:40:00.0,영화관,19980327
13,영업중,0,서울특별시 광진구 구의동 546-4번지 테크노마트10층 ,CGV강변11 4DX 1관,20190423130646,2019-04-25 02:40:00.0,영화관,19980327
13,영업중,0,서울특별시 광진구 구의동 546-4번지 테크노마트10층 ,CGV강변11 STAR 3관,20190423130713,2019-04-25 02:40:00.0,영화관,19980325
13,영업중,0,서울특별시 광진구 구의동 546-4번지 테크노마트10층 ,CGV강변11 STAR 2관,20190423130659,2019-04-25 02:40:00.0,영화관,19980325
13,영업중,0,서울특별시 광진구 군자동 477-12번지 ,메가박스 군자6,20180912173159,2018-09-12 23:59:59.0,영화관,20090723
13,영업중,0,서울특별시 광진구 군자동 477-12번지 ,메가박스 군자10,20180912173159,2018-09-12 23:59:59.0,영화관,20090723
13,영업중,0,서울특별시 광진구 군자동 477-12번지 ,메가박스 군자4,20180912173159,2018-09-12 23:59:59.0,영화관,20090723
13,영업중,0,서울특별시 광진구 군자동 477-12번지 ,메가박스 군자3,20180912173159,2018-09-12 23:59:59.0,영화관,20090723
13,영업중,0,서울특별시 광진구 군자동 477-12번지 ,메가박스 군자5,20180912173159,2018-09-12 23:59:59.0,영화관,20090723
13,영업중,0,서울특별시 광진구 군자동 477-12번지 ,메가박스 군자8,20180912173159,2018-09-12 23:59:59.0,영화관,20090723
13,영업중,0,서울특별시 광진구 군자동 477-12번지 ,메가박스 군자7,20180912173159,2018-09-12 23:59:59.0,영화관,20090723
13,영업중,0,서울특별시 광진구 군자동 477-12번지 ,메가박스 군자1,20181017113226,2018-10-19 02:36:20.0,영화관,20090723
13,영업중,0,서울특별시 광진구 자양동 227-7번지 더샵스타시티 ,롯데시네마 건대입구관 (제10관),20200115110219,2020-01-17 02:40:00.0,영화관,20070126
13,영업중,0,서울특별시 광진구 자양동 227-7번지 더샵스타시티 ,롯데시네마 건대입구관 (제9관),20200115110254,2020-01-17 02:40:00.0,영화관,20070126
13,영업중,0,서울특별시 광진구 자양동 227-7번지 더샵스타시티 ,롯데시네마 건대입구관 (샤롯데관),20200115105143,2020-01-17 02:40:00.0,영화관,20070126
13,영업중,0,서울특별시 광진구 자양동 227-7번지 더샵스타시티 ,롯데시네마 건대입구관 (제8관),20200115110326,2020-01-17 02:40:00.0,영화관,20070126
13,영업중,0,서울특별시 광진구 자양동 227-7번지 더샵스타시티 ,롯데시네마 건대입구관 (제7관),20200115110356,2020-01-17 02:40:00.0,영화관,20070126
13,영업중,0,서울특별시 광진구 자양동 227-7번지 더샵스타시티 ,롯데시네마 건대입구관 (제4관),20200115110533,2020-01-17 02:40:00.0,영화관,20070126
13,영업중,0,서울특별시 광진구 구의동 546-4번지 테크노마트10층 ,CGV강변 11 CINE & FORET,20190424100522,2019-04-26 02:40:00.0,영화관,19980327
13,영업중,0,서울특별시 광진구 구의동 546-4번지 테크노마트10층 ,CGV강변11 제10관,20190424100509,2019-04-26 02:40:00.0,영화관,19980327
13,영업중,0,서울특별시 광진구 구의동 546-4번지 테크노마트10층 ,CGV강변11 제9관,20190424100451,2019-04-26 02:40:00.0,영화관,19980327
13,영업중,0,서울특별시 강북구 번동 449-1번지 ,롯데시네마 수유관 제3관,20200116132213,2020-01-18 02:40:00.0,영화관,20170427
13,영업중,0,서울특별시 광진구 구의동 546-4번지 테크노마트10층 ,CGV강변11 제8관,20190424100440,2019-04-26 02:40:00.0,영화관,19980327
13,영업중,0,서울특별시 광진구 구의동 546-4번지 테크노마트10층 ,CGV강변11 제7관,20190424100422,2019-04-26 02:40:00.0,영화관,19980327
13,영업중,0,서울특별시 광진구 구의동 546-4번지 테크노마트10층 ,CGV강변11 제6관,20190424100410,2019-04-26 02:40:00.0,영화관,19980327
13,영업중,0,서울특별시 광진구 구의동 546-4번지 테크노마트10층 ,CGV강변11 제5관,20190423130633,2019-04-25 02:40:00.0,영화관,19980327
13,영업중,0,서울특별시 광진구 자양동 227-7번지 더샵스타시티 ,롯데시네마 건대입구관 (아르떼관),20200115110116,2020-01-17 02:40:00.0,영화관,20120511
13,영업중,0,서울특별시 광진구 화양동 1번지 건국대학교 예술문화대학 지하1층 ,KU시네마테크,20190211100328,2019-02-13 02:40:00.0,영화관,20101223
13,영업중,0,서울특별시 광진구 자양동 227-7번지 더샵스타시티 ,롯데시네마 건대입구관 (제1관),20200115110656,2020-01-17 02:40:00.0,영화관,20070126
13,영업중,0,서울특별시 광진구 자양동 227-7번지 더샵스타시티 ,롯데시네마 건대입구관 (제3관),20200115110559,2020-01-17 02:40:00.0,영화관,20070126
13,영업중,0,서울특별시 광진구 자양동 227-7번지 더샵스타시티 ,롯데시네마 건대입구관 (제6관),20200115110426,2020-01-17 02:40:00.0,영화관,20070126
13,영업중,0,서울특별시 광진구 자양동 227-7번지 더샵스타시티 ,롯데시네마 건대입구관 (제5관),20200115110501,2020-01-17 02:40:00.0,영화관,20070126
13,영업중,0,서울특별시 광진구 자양동 9-4번지 몰오브케이 ,CGV 건대입구 제5관,20190419105719,2019-04-21 02:40:00.0,영화관,20180126
13,영업중,0,서울특별시 광진구 자양동 9-4번지 몰오브케이 ,CGV 건대입구 제4관,20190419105706,2019-04-21 02:40:00.0,영화관,20180126
13,영업중,0,서울특별시 광진구 자양동 9-4번지 몰오브케이 ,CGV 건대입구 제3관,20190419105641,2019-04-21 02:40:00.0,영화관,20180126
13,영업중,0,서울특별시 광진구 자양동 9-4번지 몰오브케이 ,CGV 건대입구 제2관,20190419105653,2019-04-21 02:40:00.0,영화관,20180126
13,영업중,0,서울특별시 동대문구 장안동 368-1번지 바우하우스 11층 ,롯데시네마 장안,20131223132555,2018-08-31 23:59:59.0,영화관,20050604
13,영업중,0,서울특별시 동대문구 전농동 591-53번지 청량리민자역사 8층9층 ,롯데시네마청량리 제5관,20200114180504,2020-01-16 02:40:00.0,영화관,20100818
13,영업중,0,서울특별시 동대문구 장안동 368-1번지 바우하우스 11층 ,롯데시네마 장안,20180202155915,2018-08-31 23:59:59.0,영화관,20050604
13,영업중,0,서울특별시 동대문구 전농동 591-53번지 청량리민자역사 8층9층 ,롯데시네마청량리 제4관,20200114180438,2020-01-16 02:40:00.0,영화관,20100818
13,영업중,0,서울특별시 동대문구 전농동 591-53번지 청량리민자역사 8층9층 ,롯데시네마청량리 제3관,20200114180408,2020-01-16 02:40:00.0,영화관,20100818
13,영업중,0,서울특별시 동대문구 전농동 591-53번지 청량리민자역사 8층9층 ,롯데시네마청량리 제2관,20200114180321,2020-01-16 02:40:00.0,영화관,20100818
13,영업중,0,서울특별시 동대문구 전농동 591-53번지 청량리민자역사 8층9층 ,롯데시네마청량리 제1관,20200114175114,2020-01-16 02:40:00.0,영화관,20100818
13,영업중,0,서울특별시 동대문구 장안동 368-1번지 바우하우스 12층 ,롯데시네마 장안,20131223132924,2018-08-31 23:59:59.0,영화관,20050604
13,영업중,0,서울특별시 동대문구 장안동 368-1번지 바우하우스 12층 ,롯데시네마 장안,20131223132832,2018-08-31 23:59:59.0,영화관,20050604
13,영업중,0,서울특별시 동대문구 장안동 368-1번지 바우하우스 12층 ,롯데시네마 장안,20131223132746,2018-08-31 23:59:59.0,영화관,20050604
13,영업중,0,서울특별시 동대문구 장안동 368-1번지 바우하우스 12층 ,롯데시네마 장안,20131223132656,2018-08-31 23:59:59.0,영화관,20050604
13,영업중,0,서울특별시 동대문구 전농동 591-53번지 청량리민자역사 8층9층 ,롯데시네마청량리 제8관,20200114180641,2020-01-16 02:40:00.0,영화관,20100818
13,영업중,0,서울특별시 동대문구 전농동 591-53번지 청량리민자역사 8층9층 ,롯데시네마청량리 제7관,20200114180613,2020-01-16 02:40:00.0,영화관,20100818
13,영업중,0,서울특별시 동대문구 전농동 591-53번지 청량리민자역사 8층9층 ,롯데시네마청량리 제6관,20200114180531,2020-01-16 02:40:00.0,영화관,20100818
13,영업중,0,서울특별시 동대문구 장안동 368-1번지 바우하우스 11층 ,롯데시네마 장안,20131223132457,2018-08-31 23:59:59.0,영화관,20050604
13,영업중,0,서울특별시 중랑구 상봉동 501번지 ,CGV상봉3관,20190429154537,2019-05-01 02:40:00.0,영화관,20160223
13,영업중,0,서울특별시 중랑구 상봉동 501번지 ,CGV상봉2관,20190429154536,2019-05-01 02:40:00.0,영화관,20160223
13,영업중,0,서울특별시 중랑구 상봉동 501번지 ,CGV상봉1관,20190429154536,2019-05-01 02:40:00.0,영화관,20160223
13,영업중,0,서울특별시 중랑구 상봉동 130-3번지 상봉뉴월드시네마 4층 ,메가박스중앙(주) 상봉지점 7관,20191227163302,2019-12-29 02:40:00.0,영화관,20090925
13,영업중,0,서울특별시 중랑구 상봉동 130-3번지 상봉뉴월드시네마 4층 ,메가박스중앙(주) 상봉지점 6관,20191227163301,2019-12-29 02:40:00.0,영화관,20090925
13,영업중,0,서울특별시 중랑구 상봉동 130-3번지 상봉뉴월드시네마 4층 ,메가박스중앙(주) 상봉지점 5관,20191227163301,2019-12-29 02:40:00.0,영화관,20090925
13,영업중,0,서울특별시 중랑구 상봉동 130-3번지 상봉뉴월드시네마 4층 ,메가박스중앙(주) 상봉지점 4관,20191227163301,2019-12-29 02:40:00.0,영화관,20090925
13,영업중,0,서울특별시 중랑구 상봉동 130-3번지 상봉뉴월드시네마 4층 ,메가박스중앙(주) 상봉지점 3관,20191227163301,2019-12-29 02:40:00.0,영화관,20090925
13,영업중,0,서울특별시 중랑구 상봉동 130-3번지 상봉뉴월드시네마 4층 ,메가박스중앙(주) 상봉지점 2관,20191227163301,2019-12-29 02:40:00.0,영화관,20090925
13,영업중,0,서울특별시 중랑구 상봉동 130-3번지 상봉뉴월드시네마 4층 ,메가박스중앙(주) 상봉지점 1관,20200309173053,2020-03-11 02:40:00.0,영화관,20090925
13,영업중,0,서울특별시 중랑구 상봉동 501번지 ,CGV상봉7관,20190429154537,2019-05-01 02:40:00.0,영화관,20160223
13,영업중,0,서울특별시 중랑구 상봉동 501번지 ,CGV상봉6관,20190429154537,2019-05-01 02:40:00.0,영화관,20160223
13,영업중,0,서울특별시 중랑구 상봉동 501번지 ,CGV상봉5관,20190429154537,2019-05-01 02:40:00.0,영화관,20160223
13,영업중,0,서울특별시 중랑구 상봉동 501번지 ,CGV상봉4관,20190429154537,2019-05-01 02:40:00.0,영화관,20160223
13,영업중,0,서울특별시 성북구 동선동1가 1-2번지 유타 ,CINE Q 성신여대입구 2관,20190903092741,2019-09-05 02:40:00.0,영화관,20080911
13,영업중,0,서울특별시 성북구 동선동1가 1-2번지 유타 ,CGV 성신여대입구 1관,20190902114512,2019-09-04 02:40:00.0,영화관,20190822
13,영업중,0,서울특별시 성북구 돈암동 538-98번지 ,아리랑시네센터 제3관,20190313084147,2019-03-15 02:40:00.0,영화관,20040503
13,영업중,0,서울특별시 성북구 돈암동 538-98번지 ,아리랑시네센터 제2관,20180801153423,2018-08-31 23:59:59.0,영화관,20040503
13,영업중,0,서울특별시 성북구 동선동1가 1-2번지 유타몰 12층 ,CGV 성신여대입구 3관,20190902114740,2019-09-04 02:40:00.0,영화관,20190822
13,영업중,0,서울특별시 성북구 동선동1가 1-2번지 유타 ,CGV 성신여대입구 2관,20190902114631,2019-09-04 02:40:00.0,영화관,20190822
13,영업중,0,서울특별시 성북구 동선동1가 1-2번지 ,CINE Q 성신여대입구 1관,20190903092759,2019-09-05 02:40:00.0,영화관,20080911
13,영업중,0,서울특별시 강북구 미아동 35-4번지 트레지오 쇼핑몰 9층 ,씨지브이 미아점 1관,20190423175744,2019-04-25 02:40:00.0,영화관,20070330
13,영업중,0,서울특별시 강북구 번동 449-1번지 ,롯데시네마 수유관 제4관,20200116132238,2020-01-18 02:40:00.0,영화관,20170427
13,영업중,0,서울특별시 강북구 번동 449-1번지 ,롯데시네마 수유관 제5관,20200116132303,2020-01-18 02:40:00.0,영화관,20170427
13,영업중,0,서울특별시 강북구 번동 449-1번지 ,롯데시네마 수유관 제2관,20200116132139,2020-01-18 02:40:00.0,영화관,20170427
13,영업중,0,서울특별시 강북구 번동 449-1번지 ,롯데시네마 수유관 제2관,20200116132326,2020-01-18 02:40:00.0,영화관,20170427
13,영업중,0,서울특별시 강북구 번동 449-1번지 ,롯데시네마 수유관 제1관,20200116132031,2020-01-18 02:40:00.0,영화관,20170424
13,영업중,0,서울특별시 강북구 수유동 168-12번지 ,CGV 수유 4관,20190423175316,2019-04-25 02:40:00.0,영화관,20120224
13,영업중,0,서울특별시 강북구 수유동 168-12번지 ,CGV 수유 5관,20190423175335,2019-04-25 02:40:00.0,영화관,20120224
13,영업중,0,서울특별시 강북구 수유동 168-12번지 ,CGV 수유 6관,20190423175401,2019-04-25 02:40:00.0,영화관,20120224
13,영업중,0,서울특별시 강북구 수유동 168-12번지 ,CGV 수유 3관,20190423175253,2019-04-25 02:40:00.0,영화관,20120224
13,영업중,0,서울특별시 강북구 수유동 168-12번지 ,CGV  수유 2관,20190423175231,2019-04-25 02:40:00.0,영화관,20120224
13,영업중,0,서울특별시 강북구 수유동 168-12번지 ,CGV 수유 7관,20190423175424,2019-04-25 02:40:00.0,영화관,20120224
13,영업중,0,서울특별시 강북구 수유동 168-12번지 ,CGV 수유 8관,20190423175445,2019-04-25 02:40:00.0,영화관,20120224
13,영업중,0,서울특별시 강북구 수유동 168-12번지 ,CGV 수유 9관,20190423175506,2019-04-25 02:40:00.0,영화관,20120224
13,영업중,0,서울특별시 강북구 수유동 168-12번지 ,CGV 수유 1관,20190423175107,2019-04-25 02:40:00.0,영화관,20120224
13,영업중,0,서울특별시 강북구 미아동 35-4번지 트레지오 쇼핑몰 11층 ,씨지브이 미아점 6관,20190423175940,2019-04-25 02:40:00.0,영화관,20070330
13,영업중,0,서울특별시 강북구 미아동 35-4번지 트레지오 쇼핑몰 11층 ,씨지브이 미아점 5관,20190423175920,2019-04-25 02:40:00.0,영화관,20070330
13,영업중,0,서울특별시 강북구 미아동 35-4번지 트레지오 쇼핑몰 11층 ,씨지브이 미아점 4관,20190423175900,2019-04-25 02:40:00.0,영화관,20070330
13,영업중,0,서울특별시 강북구 미아동 35-4번지 트레지오 쇼핑몰 10층 ,씨지브이 미아점 3관,20190423175839,2019-04-25 02:40:00.0,영화관,20070330
13,영업중,0,서울특별시 강북구 미아동 35-4번지 트레지오 쇼핑몰 10층 ,씨지브이 미아점 2관,20190423175816,2019-04-25 02:40:00.0,영화관,20070330
13,영업중,0,서울특별시 도봉구 창동 715-14번지 ,메가박스 창동 3관,20170122192753,2018-08-31 23:59:59.0,영화관,20170122
13,영업중,0,서울특별시 도봉구 창동 715-14번지 ,메가박스 창동 4관,20170122192253,2018-08-31 23:59:59.0,영화관,20170122
13,영업중,0,서울특별시 도봉구 창동 715-41번지 ,메가박스 창동 1관,20170122175752,2018-08-31 23:59:59.0,영화관,20170122
13,영업중,0,서울특별시 도봉구 창동 715-14번지 ,메가박스 창동 2관,20170122191650,2018-08-31 23:59:59.0,영화관,20170122
13,영업중,0,서울특별시 도봉구 창동 715-14번지 ,창동 메가박스 5관,20170122192033,2018-08-31 23:59:59.0,영화관,20170122
13,영업중,0,서울특별시 노원구 중계동 506-1번지 ,CGV 하계 제4관,20200512143446,2020-05-14 02:40:00.0,영화관,20020624
13,영업중,0,서울특별시 노원구 상계동 713번지 ,롯데시네마 노원(제1관),20200113175257,2020-01-15 02:40:00.0,영화관,20051115
13,영업중,0,서울특별시 노원구 상계동 713번지 ,롯데시네마 노원(제2관),20200113184837,2020-01-15 02:40:00.0,영화관,20051115
13,영업중,0,서울특별시 노원구 상계동 713번지 ,롯데시네마 노원(제3관),20200113184814,2020-01-15 02:40:00.0,영화관,20051115
13,영업중,0,서울특별시 노원구 상계동 713번지 ,롯데시네마 노원(제4관),20200113184734,2020-01-15 02:40:00.0,영화관,20051115
13,영업중,0,서울특별시 노원구 상계동 713번지 ,롯데시네마 노원(제5관),20200113184702,2020-01-15 02:40:00.0,영화관,20051115
13,영업중,0,서울특별시 노원구 상계동 713번지 ,롯데시네마 노원(제8관),20200113184551,2020-01-15 02:40:00.0,영화관,20051115
13,영업중,0,서울특별시 노원구 상계동 713번지 ,롯데시네마 노원(제9관),20200113184455,2020-01-15 02:40:00.0,영화관,20051115
13,영업중,0,서울특별시 노원구 상계동 713번지 ,롯데시네마 노원(제10관),20200113184421,2020-01-15 02:40:00.0,영화관,20051115
13,영업중,0,서울특별시 노원구 상계동 713번지 ,롯데시네마 노원(제7관),20200113184618,2020-01-15 02:40:00.0,영화관,20120614
13,영업중,0,서울특별시 노원구 상계동 713번지 ,롯데시네마 노원(제6관),20200113184639,2020-01-15 02:40:00.0,영화관,20120614
13,영업중,0,서울특별시 노원구 중계동 509-2번지 홈플러스 ,CGV 중계 제7관,20190422182237,2019-04-24 02:40:00.0,영화관,20130419
13,영업중,0,서울특별시 노원구 중계동 509-2번지 홈플러스 ,CGV 중계 제1관,20190422182112,2019-04-24 02:40:00.0,영화관,20130419
13,영업중,0,서울특별시 노원구 중계동 509-2번지 홈플러스 ,CGV 중계 제2관,20190422182126,2019-04-24 02:40:00.0,영화관,20130419
13,영업중,0,서울특별시 노원구 중계동 509-2번지 홈플러스 ,CGV 중계 제3관,20191118092454,2019-11-20 02:40:00.0,영화관,20130419
13,영업중,0,서울특별시 노원구 중계동 509-2번지 홈플러스 ,CGV 중계 제4관,20190422182137,2019-04-24 02:40:00.0,영화관,20130419
13,영업중,0,서울특별시 노원구 중계동 509-2번지 홈플러스 ,CGV 중계 제5관,20190422182204,2019-04-24 02:40:00.0,영화관,20130419
13,영업중,0,서울특별시 노원구 중계동 509-2번지 홈플러스 ,CGV 중계 제6관,20191226182235,2019-12-28 02:40:00.0,영화관,20130419
13,영업중,0,서울특별시 노원구 상계동 1132-35번지 3층~9층 ,롯데시네마 수락산 제1관,20200113193221,2020-01-15 02:40:00.0,영화관,20151112
13,영업중,0,서울특별시 노원구 중계동 506-1번지 ,CGV 하계 제1관,20200512143359,2020-05-14 02:40:00.0,영화관,20020624
13,영업중,0,서울특별시 노원구 중계동 506-1번지 ,CGV 하계 제2관,20200512143413,2020-05-14 02:40:00.0,영화관,20020624
13,영업중,0,서울특별시 노원구 중계동 506-1번지 ,CGV 하계 제3관,20200512143430,2020-05-14 02:40:00.0,영화관,20020624
13,영업중,0,서울특별시 노원구 상계동 1132-35번지 3층~9층 ,롯데시네마 수락산 제2관,20200113193233,2020-01-15 02:40:00.0,영화관,20151112
13,영업중,0,서울특별시 노원구 상계동 1132-35번지 3층~9층 ,롯데시네마 수락산 제3관,20200115110028,2020-01-17 02:40:00.0,영화관,20151112
13,영업중,0,서울특별시 노원구 상계동 1132-35번지 3층~9층 ,롯데시네마 수락산 제4관,20200113193209,2020-01-15 02:40:00.0,영화관,20151112
13,영업중,0,서울특별시 은평구 녹번동 85-4번지 ,이동상영관,20031030132654,2018-08-31 23:59:59.0,영화관,20031030
13,영업중,0,서울특별시 노원구 상계동 1132-35번지 3층~9층 ,롯데시네마 수락산 제5관,20200113193155,2020-01-15 02:40:00.0,영화관,20151112
13,영업중,0,서울특별시 노원구 상계동 727-1번지 조광빌딩 지하2층 ,더숲 아트시네마 제2관,20180514090256,2018-08-31 23:59:59.0,영화관,20180514
13,영업중,0,서울특별시 노원구 상계동 727-1번지 지하1층 ,더숲 아트시네마 제1관,20200224112207,2020-02-26 02:40:00.0,영화관,20170810
13,영업중,0,서울특별시 은평구 불광동 304-2번지 파레제페빌딩  7층 ,메가박스은평 3관,20180827101559,2018-08-31 23:59:59.0,영화관,20061228
13,영업중,0,서울특별시 은평구 대조동 240번지 팜스퀘어 ,CGV불광제1관,20200123094857,2020-01-25 02:40:00.0,영화관,20050623
13,영업중,0,서울특별시 은평구 불광동 304-2번지 파레제페빌딩 6층 ,메가박스 은평 5관,20180827101628,2018-08-31 23:59:59.0,영화관,20061228
13,영업중,0,서울특별시 은평구 불광동 304-2번지 파레제페빌딩 6층 ,메가박스 은평 6관,20180827101642,2018-08-31 23:59:59.0,영화관,20061228
13,영업중,0,서울특별시 은평구 진관동 63번지 ,롯데시네마 은평 2관,20200116092519,2020-01-18 02:40:00.0,영화관,20161130
13,영업중,0,서울특별시 은평구 진관동 63번지 ,롯데시네마 은평 3관,20200116092520,2020-01-18 02:40:00.0,영화관,20161130
13,영업중,0,서울특별시 은평구 진관동 63번지 ,롯데시네마 은평 4관,20200116092520,2020-01-18 02:40:00.0,영화관,20161130
13,영업중,0,서울특별시 은평구 진관동 63번지 ,롯데시네마 은평 6관,20200116092520,2020-01-18 02:40:00.0,영화관,20161130
13,영업중,0,서울특별시 은평구 진관동 63번지 ,롯데시네마 은평 5관,20200116092520,2020-01-18 02:40:00.0,영화관,20161130
13,영업중,0,서울특별시 은평구 진관동 63번지 ,롯데시네마 은평 7관,20200116092520,2020-01-18 02:40:00.0,영화관,20161130
13,영업중,0,서울특별시 은평구 진관동 63번지 ,롯데시네마 은평 8관,20200116092520,2020-01-18 02:40:00.0,영화관,20161130
13,영업중,0,서울특별시 은평구 진관동 63번지 ,롯데시네마 은평 1관,20200116092520,2020-01-18 02:40:00.0,영화관,20161130
13,영업중,0,서울특별시 은평구 대조동 240번지 팜스퀘어 ,CGV불광제3관,20200123093515,2020-01-25 02:40:00.0,영화관,20050623
13,영업중,0,서울특별시 은평구 대조동 240번지 팜스퀘어 ,CGV불광제4관,20200123093418,2020-01-25 02:40:00.0,영화관,20050623
13,영업중,0,서울특별시 은평구 대조동 240번지 팜스퀘어 ,CGV불광제5관,20200123093549,2020-01-25 02:40:00.0,영화관,20050623
13,영업중,0,서울특별시 은평구 대조동 240번지 팜스퀘어 ,CGV불광제6관,20200123094558,2020-01-25 02:40:00.0,영화관,20050623
13,영업중,0,서울특별시 은평구 대조동 240번지 팜스퀘어 ,CGV불광제8관,20200123094429,2020-01-25 02:40:00.0,영화관,20050623
13,영업중,0,서울특별시 은평구 대조동 240번지 팜스퀘어 ,CGV불광제9관,20200123094541,2020-01-25 02:40:00.0,영화관,20050623
13,영업중,0,서울특별시 은평구 대조동 240번지 팜스퀘어 ,CGV불광제2관,20200123094652,2020-01-25 02:40:00.0,영화관,20050623
13,영업중,0,서울특별시 은평구 대조동 240번지 팜스퀘어 ,CGV불광제7관,20200123094809,2020-01-25 02:40:00.0,영화관,20050623
13,영업중,0,서울특별시 은평구 불광동 304-2번지 파레제페빌딩  8층 ,메가박스은평제1관,20180827101530,2018-08-31 23:59:59.0,영화관,20061228
13,영업중,0,서울특별시 은평구 불광동 304-2번지 파레제페빌딩  8층 ,메가박스은평제2관,20180827101544,2018-08-31 23:59:59.0,영화관,20061228
13,영업중,0,서울특별시 은평구 불광동 304-2번지 파레제페빌딩  7층 ,메가박스 은평 4관,20180827101613,2018-08-31 23:59:59.0,영화관,20061228
13,영업중,0,서울특별시 서대문구 신촌동 74-12번지 5층 ,메가박스중앙(주)신촌점 5관,20191218143501,2019-12-20 02:40:00.0,영화관,20060915
13,영업중,0,서울특별시 서대문구 신촌동 74-12번지 5층 ,메가박스중앙(주)신촌점 COMFORT 4관,20191218143451,2019-12-20 02:40:00.0,영화관,20060915
13,영업중,0,서울특별시 서대문구 신촌동 74-12번지 5층 ,메가박스중앙(주) 신촌지점 3관,20191218143438,2019-12-20 02:40:00.0,영화관,20060915
13,영업중,0,서울특별시 서대문구 신촌동 74-12번지 5층 ,메가박스중앙(주)신촌지점 2관,20191218143427,2019-12-20 02:40:00.0,영화관,20060915
13,영업중,0,서울특별시 서대문구 신촌동 74-12번지 5층 ,메가박스중앙(주)신촌지점 COMFORT 1관,20191218143351,2019-12-20 02:40:00.0,영화관,20060915
13,영업중,0,서울특별시 서대문구 창천동 20-25번지 아트레온 ,CGV신촌아트레온 10관[CGV아트하우스],20191216183620,2019-12-18 02:40:00.0,영화관,20180515
13,영업중,0,서울특별시 서대문구 창천동 20-25번지 ,CGV신촌아트레온 9관,20191216183634,2019-12-18 02:40:00.0,영화관,20130618
13,영업중,0,서울특별시 서대문구 창천동 20-25번지 ,CGV신촌아트레온 8관,20191216183645,2019-12-18 02:40:00.0,영화관,20130618
13,영업중,0,서울특별시 서대문구 창천동 20-25번지 ,CGV신촌아트레온 7관,20191216183656,2019-12-18 02:40:00.0,영화관,20130618
13,영업중,0,서울특별시 서대문구 창천동 20-25번지 ,CGV신촌아트레온 6관,20191216183707,2019-12-18 02:40:00.0,영화관,20130618
13,영업중,0,서울특별시 서대문구 창천동 20-25번지 ,CGV신촌아트레온 5관,20191216183716,2019-12-18 02:40:00.0,영화관,20130618
13,영업중,0,서울특별시 서대문구 창천동 20-25번지 ,CGV신촌아트레온 4관,20191216183725,2019-12-18 02:40:00.0,영화관,20130618
13,영업중,0,서울특별시 서대문구 창천동 20-25번지 ,CGV신촌아트레온 3관,20191216183737,2019-12-18 02:40:00.0,영화관,20130618
13,영업중,0,서울특별시 서대문구 창천동 20-25번지 ,CGV신촌아트레온 2관,20191216183747,2019-12-18 02:40:00.0,영화관,20130618
13,영업중,0,서울특별시 서대문구 창천동 20-25번지 ,CGV신촌아트레온 1관,20191216183757,2019-12-18 02:40:00.0,영화관,20130618
13,영업중,0,서울특별시 서대문구 대현동 11-1번지 이화캠퍼스복합단지 지하 45층 ,아트하우스 모모-이화?KB 시네마 2관,20141201115933,2018-08-31 23:59:59.0,영화관,20080731
13,영업중,0,서울특별시 서대문구 대현동 11-1번지 이화캠퍼스복합단지 지하 45층 ,아트하우스 모모-이화?KB 시네마 1관,20150903140501,2018-08-31 23:59:59.0,영화관,20080731
13,영업중,0,서울특별시 서대문구 대신동 85번지 외 6필지 하니솔빌딩 A동 지하 1층 ,필름포럼 2관,20191216183557,2019-12-18 02:40:00.0,영화관,20080718
13,영업중,0,서울특별시 서대문구 대신동 85번지 외 6필지 하니솔빌딩 A동 지하1층 ,필름포럼 1관,20161230173654,2018-08-31 23:59:59.0,영화관,20080718
13,영업중,0,서울특별시 서대문구 신촌동 74-12번지 5층 ,메가박스중앙(주)신촌지점 8관,20191218143535,2019-12-20 02:40:00.0,영화관,20060915
13,영업중,0,서울특별시 서대문구 신촌동 74-12번지 5층 ,메가박스중앙(주)신촌점 7관,20191218143521,2019-12-20 02:40:00.0,영화관,20060915
13,영업중,0,서울특별시 서대문구 신촌동 74-12번지 ,메가박스중앙(주)신촌점 6관,20191218143510,2019-12-20 02:40:00.0,영화관,20060915
13,영업중,0,서울특별시 마포구 동교동 166-6번지 ,롯데시네마 홍대입구관 제4관,20200114164457,2020-01-16 02:40:00.0,영화관,20080102
13,영업중,0,서울특별시 마포구 동교동 166-6번지 ,롯데시네마 홍대입구관 제3관,20200114164457,2020-01-16 02:40:00.0,영화관,20080102
13,영업중,0,서울특별시 마포구 동교동 166-6번지 ,롯데시네마 홍대입구관 제1관,20200114164456,2020-01-16 02:40:00.0,영화관,20080102
13,영업중,0,서울특별시 마포구 동교동 166-6번지 ,롯데시네마 홍대입구관 제6관,20200114164457,2020-01-16 02:40:00.0,영화관,20080102
13,영업중,0,서울특별시 마포구 동교동 166-6번지 ,롯데시네마 홍대입구관 제2관,20200114164457,2020-01-16 02:40:00.0,영화관,20080102
13,영업중,0,서울특별시 마포구 동교동 160-4번지 아일렉스 ,메가박스중앙(주) 홍대지점 3관,20191218104849,2019-12-20 02:40:00.0,영화관,20190923
13,영업중,0,서울특별시 마포구 서교동 490 메세나폴리스 2층,롯데시네마 합정 제1관,20200805104901,2019-12-08 00:07:00.0,0.0,0
13,영업중,0,서울특별시 마포구 서교동 490 메세나폴리스 2층,롯데시네마 합정 제2관,20200805104911,2019-12-08 00:07:00.0,0.0,0
13,영업중,0,서울특별시 마포구 서교동 490 메세나폴리스 2층,롯데시네마 합정 제3관,20200805104920,2019-12-08 00:07:00.0,0.0,0
13,영업중,0,서울특별시 마포구 동교동 159-8,CGV홍대 4관,20200827122040,2019-12-07 22:09:00.0,0.0,0
13,영업중,0,서울특별시 마포구 동교동 159-8,CGV홍대 5관,20200827122051,2019-12-07 22:09:00.0,0.0,0
13,영업중,0,서울특별시 마포구 동교동 159-8,CGV홍대 6관,20200827122102,2019-12-07 22:09:00.0,0.0,0
13,영업중,0,서울특별시 마포구 동교동 160-4번지 아일렉스 ,메가박스중앙(주) 홍대지점 2관,20191218104848,2019-12-20 02:40:00.0,영화관,20190923
13,영업중,0,서울특별시 마포구 동교동 160-4번지 아일렉스 ,메가박스중앙(주) 홍대지점 4관,20191218104848,2019-12-20 02:40:00.0,영화관,20190923
13,영업중,0,서울특별시 마포구 동교동 160-4번지 아일렉스 ,메가박스중앙(주) 홍대지점 5관,20191218104848,2019-12-20 02:40:00.0,영화관,20190923
13,영업중,0,서울특별시 마포구 동교동 160-4번지 아일렉스 ,메가박스중앙(주) 홍대지점 1관,20191218104848,2019-12-20 02:40:00.0,영화관,20190923
13,영업중,0,서울특별시 강남구 논현동 58-3번지 ,(주)케이엠티브이,20030208135458,2018-08-31 23:59:59.0,0.0,19950428
13,영업중,0,서울특별시 마포구 동교동 166-6번지 ,롯데시네마 홍대입구관 제5관,20200114164457,2020-01-16 02:40:00.0,영화관,20080102
13,영업중,0,서울특별시 마포구 동교동 159-8,CGV홍대 3관,20200827122024,2019-12-07 22:09:00.0,0.0,0
13,영업중,0,서울특별시 마포구 동교동 159-8,CGV홍대 1관,20200827121947,2019-12-07 22:09:00.0,0.0,0
13,영업중,0,서울특별시 마포구 동교동 159-8,CGV홍대 2관,20200827122000,2019-12-07 22:09:00.0,0.0,0
13,영업중,0,서울특별시 양천구 목동 917-6번지 행복한세상백화점 7층 ,메가박스중앙(주) 목동지점 COMFORT 5관,20200116152338,2020-01-18 02:40:00.0,영화관,20090522
13,영업중,0,서울특별시 양천구 목동 916번지 현대백화점 지하2층 ,CGV목동8(8관),20190424175139,2019-04-26 02:40:00.0,영화관,20070507
13,영업중,0,서울특별시 양천구 목동 917-6번지 행복한세상백화점 7층 ,메가박스중앙(주) 목동지점 9관,20191219222035,2019-12-21 02:40:00.0,영화관,20060427
13,영업중,0,서울특별시 양천구 목동 917-6번지 행복한세상백화점 7층 ,메가박스중앙(주) 목동지점 3관,20191219222035,2019-12-21 02:40:00.0,영화관,20060427
13,영업중,0,서울특별시 양천구 목동 917-6번지 행복한세상백화점 7층 ,메가박스중앙(주) 목동지점 8관,20191219222035,2019-12-21 02:40:00.0,영화관,20060427
13,영업중,0,서울특별시 양천구 목동 917-6번지 행복한세상백화점 7층 ,메가박스중앙(주) 목동지점 7관,20191219222035,2019-12-21 02:40:00.0,영화관,20060427
13,영업중,0,서울특별시 양천구 목동 917-6번지 행복한세상백화점 7층 ,메가박스중앙(주) 목동지점 6관,20191219222035,2019-12-21 02:40:00.0,영화관,20060427
13,영업중,0,서울특별시 양천구 목동 917-6번지 행복한세상백화점 7층 ,메가박스중앙(주) 목동지점 4관,20191219222035,2019-12-21 02:40:00.0,영화관,20060427
13,영업중,0,서울특별시 양천구 목동 917-6번지 행복한세상백화점 7층 ,메가박스중앙(주) 목동지점 MX관,20191219222034,2019-12-21 02:40:00.0,영화관,20060427
13,영업중,0,서울특별시 양천구 목동 916번지 현대백화점 지하2층 ,CGV 목동8(7관),20190424175153,2019-04-26 02:40:00.0,영화관,20020829
13,영업중,0,서울특별시 양천구 목동 916번지 현대백화점 지하2층 ,CGV 목동8(6관),20190424175205,2019-04-26 02:40:00.0,영화관,20020829
13,영업중,0,서울특별시 양천구 목동 916번지 현대백화점 지하2층 ,CGV 목동8(5관),20190424175219,2019-04-26 02:40:00.0,영화관,20020829
13,영업중,0,서울특별시 양천구 목동 916번지 현대백화점 지하2층 ,CGV 목동8(4관),20190424175232,2019-04-26 02:40:00.0,영화관,20020829
13,영업중,0,서울특별시 양천구 목동 916번지 현대백화전 지하2층 ,CGV 목동8(3관),20190424174428,2019-04-26 02:40:00.0,영화관,20020829
13,영업중,0,서울특별시 양천구 목동 916번지 현대백화점 지하2층 ,CGV 목동8(2관),20190424175254,2019-04-26 02:40:00.0,영화관,20020829
13,영업중,0,서울특별시 양천구 목동 916번지 현대백화점 지하2층 ,CGV 목동8(1관),20190424174042,2019-04-26 02:40:00.0,영화관,20020829
13,영업중,0,서울특별시 양천구 목동 917-6번지 행복한세상백화점 7층 ,메가박스중앙(주) 목동지점 2관,20191219222034,2019-12-21 02:40:00.0,영화관,20060427
13,영업중,0,서울특별시 강서구 마곡동 797-1번지 퀸즈파크나인 ,메가박스중앙(주) 마곡지점 2관,20191212171534,2019-12-14 02:40:00.0,영화관,20170922
13,영업중,0,서울특별시 강서구 마곡동 797-1번지 퀸즈파크나인 ,메가박스중앙(주) 마곡지점 1관,20191212171534,2019-12-14 02:40:00.0,영화관,20170922
13,영업중,0,서울특별시 강서구 등촌동 73-1번지 456층 ,롯데시네마 가양 1관,20200115094833,2020-01-17 02:40:00.0,영화관,20151016
13,영업중,0,서울특별시 강서구 등촌동 73-1번지 456층 ,롯데시네마 가양 5관,20200115094833,2020-01-17 02:40:00.0,영화관,20151016
13,영업중,0,서울특별시 강서구 등촌동 73-1번지 456층 ,롯데시네마 가양 4관,20200115094833,2020-01-17 02:40:00.0,영화관,20151016
13,영업중,0,서울특별시 강서구 등촌동 73-1번지 456층 ,롯데시네마 가양 3관,20200115094833,2020-01-17 02:40:00.0,영화관,20151016
13,영업중,0,서울특별시 강서구 등촌동 73-1번지 456층 ,롯데시네마 가양 2관,20200115094833,2020-01-17 02:40:00.0,영화관,20151016
13,영업중,0,서울특별시 강서구 등촌동 73-1번지 456층 ,롯데시네마 가양 6관,20200115094832,2020-01-17 02:40:00.0,영화관,20151016
13,영업중,0,서울특별시 강서구 화곡동 1073-10번지 메가박스(주) 화곡점 401501호 ,메가박스중앙(주) 화곡지점 5관,20191212143037,2019-12-14 02:40:00.0,영화관,20150526
13,영업중,0,서울특별시 강서구 화곡동 1073-10번지 메가박스(주) 화곡점 401501호 ,메가박스중앙(주) 화곡지점 4관,20191212143037,2019-12-14 02:40:00.0,영화관,20150526
13,영업중,0,서울특별시 강서구 화곡동 1073-10번지 메가박스(주) 화곡점 401501호 ,메가박스중앙(주) 화곡지점 3관,20191212143037,2019-12-14 02:40:00.0,영화관,20150526
13,영업중,0,서울특별시 강서구 화곡동 1073-10번지 메가박스(주) 화곡점 401501호 ,메가박스중앙(주) 화곡지점 2관,20191212143037,2019-12-14 02:40:00.0,영화관,20150526
13,영업중,0,서울특별시 강서구 화곡동 1073-10번지 메가박스(주) 화곡점 401501호 ,메가박스중앙(주) 화곡지점 1관,20191212143036,2019-12-14 02:40:00.0,영화관,20150526
13,영업중,0,서울특별시 강서구 방화동 886번지 스카이파크 ,롯데시네마 김포공항 (9관),20200117094911,2020-01-19 02:40:00.0,영화관,20111206
13,영업중,0,서울특별시 강서구 방화동 886번지 스카이파크 ,롯데시네마 김포공항 (10관),20200117094910,2020-01-19 02:40:00.0,영화관,20111206
13,영업중,0,서울특별시 강서구 방화동 886번지 스카이파크 ,롯데시네마 김포공항 (7관),20200117094910,2020-01-19 02:40:00.0,영화관,20111206
13,영업중,0,서울특별시 강서구 방화동 886번지 스카이파크 ,롯데시네마 김포공항 (8관),20200117094910,2020-01-19 02:40:00.0,영화관,20111206
13,영업중,0,서울특별시 강서구 방화동 886번지 스카이파크 ,롯데시네마 김포공항 (6관),20200117094910,2020-01-19 02:40:00.0,영화관,20111206
13,영업중,0,서울특별시 강서구 방화동 886번지 스카이파크 ,롯데시네마 김포공항 (5관),20200117094910,2020-01-19 02:40:00.0,영화관,20111206
13,영업중,0,서울특별시 강서구 방화동 886번지 스카이파크 ,롯데시네마 김포공항 (4관),20200117094910,2020-01-19 02:40:00.0,영화관,20111206
13,영업중,0,서울특별시 강서구 방화동 886번지 스카이파크 ,롯데시네마 김포공항 (3관),20200117094910,2020-01-19 02:40:00.0,영화관,20111206
13,영업중,0,서울특별시 강서구 방화동 886번지 스카이파크 ,롯데시네마 김포공항 (2관),20200117094910,2020-01-19 02:40:00.0,영화관,20111206
13,영업중,0,서울특별시 강서구 방화동 886번지 스카이파크 ,롯데시네마 김포공항 (1관),20200117094909,2020-01-19 02:40:00.0,영화관,20111206
13,영업중,0,서울특별시 강서구 등촌동 639-23번지 3~9층 ,CGV 등촌 6관,20191205111735,2019-12-07 02:40:00.0,영화관,20190125
13,영업중,0,서울특별시 강서구 등촌동 639-23번지 3~9층 ,CGV 등촌 5관,20191205111711,2019-12-07 02:40:00.0,영화관,20190125
13,영업중,0,서울특별시 강서구 등촌동 639-23번지 3~9층 ,CGV 등촌 4관,20191205111621,2019-12-07 02:40:00.0,영화관,20190125
13,영업중,0,서울특별시 강서구 등촌동 639-23번지 3~9층 ,CGV 등촌 3관,20191205111559,2019-12-07 02:40:00.0,영화관,20190125
13,영업중,0,서울특별시 강서구 등촌동 639-23번지 3~9층 ,CGV 등촌 2관,20191205111541,2019-12-07 02:40:00.0,영화관,20190125
13,영업중,0,서울특별시 강서구 등촌동 639-23번지 3~9층 ,CGV 등촌 1관,20191205114722,2019-12-07 02:40:00.0,영화관,20190125
13,영업중,0,서울특별시 강서구 등촌동 639-23번지 3~9층 ,CGV 등촌 8관,20191205111810,2019-12-07 02:40:00.0,영화관,20190125
13,영업중,0,서울특별시 강서구 등촌동 639-23번지 3~9층 ,CGV 등촌 7관,20191205111750,2019-12-07 02:40:00.0,영화관,20190125
13,영업중,0,서울특별시 강서구 마곡동 797-1번지 퀸즈파크나인 ,메가박스중앙(주) 마곡지점 6관,20191212171535,2019-12-14 02:40:00.0,영화관,20170922
13,영업중,0,서울특별시 강서구 마곡동 797-1번지 퀸즈파크나인 ,메가박스중앙(주) 마곡지점 5관,20191212171535,2019-12-14 02:40:00.0,영화관,20170922
13,영업중,0,서울특별시 강서구 마곡동 797-1번지 퀸즈파크나인 ,메가박스중앙(주) 마곡지점 4관,20191212171535,2019-12-14 02:40:00.0,영화관,20170922
13,영업중,0,서울특별시 강서구 마곡동 797-1번지 퀸즈파크나인 ,메가박스중앙(주) 마곡지점 3관,20191212171534,2019-12-14 02:40:00.0,영화관,20170922
13,영업중,0,서울특별시 구로구 신도림동 692번지 디큐브시티 제타워동 7~8층 일부 ,롯데컬처웍스(주)롯데시네마 제5관,20200113151347,2020-01-15 02:40:00.0,영화관,20130911
13,영업중,0,서울특별시 구로구 신도림동 692번지 디큐브시티 제타워동 7~8층 일부 ,롯데컬처웍스(주)롯데시네마 제4관,20200113151334,2020-01-15 02:40:00.0,영화관,20130911
13,영업중,0,서울특별시 구로구 신도림동 692번지 디큐브시티 제타워동 7~8층 일부 ,롯데컬처웍스(주)롯데시네마 제3관,20200113151321,2020-01-15 02:40:00.0,영화관,20130911
13,영업중,0,서울특별시 구로구 신도림동 692번지 디큐브시티 제타워동 7~8층 일부 ,롯데컬처웍스(주)롯데시네마 제 2관,20200113151309,2020-01-15 02:40:00.0,영화관,20130911
13,영업중,0,서울특별시 구로구 신도림동 692번지 디큐브시티 제타워동 7~8층 일부 ,롯데컬처웍스(주)롯데시네마 제1관,20200113113319,2020-01-15 02:40:00.0,영화관,20130911
13,영업중,0,서울특별시 구로구 구로동 3-25번지 테크노마트 신도림점 12층 ,CINE Q 신도림점 제1관,20180129092254,2018-08-31 23:59:59.0,영화관,20071115
13,영업중,0,서울특별시 구로구 구로동 573번지 ,CGV구로10 제5관,20190813110926,2019-08-15 02:40:00.0,영화관,20020117
13,영업중,0,서울특별시 구로구 구로동 573번지 ,CGV구로10제4관,20190813110734,2019-08-15 02:40:00.0,영화관,20020117
13,영업중,0,서울특별시 구로구 구로동 573번지 ,CGV구로10제3관,20190813110541,2019-08-15 02:40:00.0,영화관,20020117
13,영업중,0,서울특별시 구로구 구로동 573번지 ,CGV구로10제2관,20190813092122,2019-08-15 02:40:00.0,영화관,20020117
13,영업중,0,서울특별시 구로구 구로동 573번지 ,CGV구로10제1관,20190813092201,2019-08-15 02:40:00.0,영화관,20020117
13,영업중,0,서울특별시 구로구 구로동 573번지 애경백화점 6층 ,CGV구로10 제10관(CGV 아트하우스),20190813111440,2019-08-15 02:40:00.0,영화관,20020117
13,영업중,0,서울특별시 구로구 구로동 573번지 ,CGV구로10 제9관,20190813111357,2019-08-15 02:40:00.0,영화관,20020117
13,영업중,0,서울특별시 구로구 구로동 573번지 ,CGV구로10제8관,20190813111240,2019-08-15 02:40:00.0,영화관,20020117
13,영업중,0,서울특별시 구로구 구로동 573번지 ,CGV구로10 제7관 (CGV 아트하우스),20190820201430,2019-08-22 02:40:00.0,영화관,20020117
13,영업중,0,서울특별시 구로구 구로동 573번지 ,CGV구로10제6관,20190813111110,2019-08-15 02:40:00.0,영화관,20020117
13,영업중,0,서울특별시 구로구 구로동 3-25번지 테크노마트 신도림점 12층 ,CINE Q 신도림점 제2관,20180126173157,2018-08-31 23:59:59.0,영화관,20071115
13,영업중,0,서울특별시 구로구 구로동 3-25번지 테크노마트 신도림점 12층 ,CINE Q 신도림점 제4관,20180328141717,2018-08-31 23:59:59.0,영화관,20071115
13,영업중,0,서울특별시 구로구 구로동 3-25번지 테크노마트 신도림점 12층 ,CINE Q 신도림점 제6관,20180328094224,2018-08-31 23:59:59.0,영화관,20071115
13,영업중,0,서울특별시 구로구 구로동 3-25번지 테크노마트 신도림점 12층 ,CINE Q 신도림점 제3관,20191113161602,2019-11-15 02:40:00.0,영화관,20071115
13,영업중,0,서울특별시 구로구 구로동 3-25번지 테크노마트 신도림점 12층 ,CINE Q 신도림점 제5관,20191113161639,2019-11-15 02:40:00.0,영화관,20071115
13,영업중,0,서울특별시 구로구 구로동 3-25번지 테크노마트 신도림점 12층 ,CINE Q 신도림점 제7관,20180110114312,2018-08-31 23:59:59.0,영화관,20071115
13,영업중,0,서울특별시 구로구 구로동 3-25번지 테크노마트 신도림점 12층 ,CINE Q 신도림점 제8관,20180503080900,2018-08-31 23:59:59.0,영화관,20071115
13,영업중,0,서울특별시 구로구 구로동 3-25번지 테크노마트 신도림점 12층 ,CINE Q 신도림점 제9관,20180503081630,2018-08-31 23:59:59.0,영화관,20071115
13,영업중,0,서울특별시 구로구 구로동 3-25번지 테크노마트 신도림점 12층 ,CINE Q 신도림점 제10관,20180503095149,2018-08-31 23:59:59.0,영화관,20071115
13,영업중,0,서울특별시 금천구 독산동 291-5번지 ,롯데시네마 독산 제1관,20200114111331,2020-01-16 02:40:00.0,영화관,20041013
13,영업중,0,서울특별시 금천구 가산동 60-8번지 현대시티아울렛 가산점 ,롯데시네마 가산디지털(제6관),20200114093710,2020-01-16 02:40:00.0,영화관,20130321
13,영업중,0,서울특별시 금천구 가산동 60-8번지 현대시티아울렛 가산점 ,롯데시네마 가산디지털(제5관),20200114111246,2020-01-16 02:40:00.0,영화관,20130321
13,영업중,0,서울특별시 금천구 가산동 60-8번지 현대시티아울렛 가산점 ,롯데시네마 가산디지털(제1관),20200114110819,2020-01-16 02:40:00.0,영화관,20130321
13,영업중,0,서울특별시 금천구 가산동 60-8번지 현대시티아울렛 가산점 ,롯데시네마 가산디지털(제2관),20200114084519,2020-01-16 02:40:00.0,영화관,20130321
13,영업중,0,서울특별시 금천구 가산동 60-8번지 현대시티아울렛 가산점 ,롯데시네마 가산디지털(제4관),20200114111213,2020-01-16 02:40:00.0,영화관,20130321
13,영업중,0,서울특별시 금천구 가산동 60-8번지 현대시티아울렛 가산점 ,롯데시네마 가산디지털(제3관),20200114111128,2020-01-16 02:40:00.0,영화관,20130321
13,영업중,0,서울특별시 금천구 독산동 291-5번지 ,롯데시네마독산 제8관,20200114111040,2020-01-16 02:40:00.0,영화관,20041013
13,영업중,0,서울특별시 금천구 독산동 291-5번지 ,롯데시네마 독산 제7관,20200114113839,2020-01-16 02:40:00.0,영화관,20041013
13,영업중,0,서울특별시 금천구 독산동 291-5번지 ,롯데시네마 독산 제6관,20200114111834,2020-01-16 02:40:00.0,영화관,20041013
13,영업중,0,서울특별시 금천구 독산동 291-5번지 ,롯데시네마 독산 제5관,20200114111755,2020-01-16 02:40:00.0,영화관,20041013
13,영업중,0,서울특별시 금천구 독산동 291-5번지 ,롯데시네마 독산 제4관,20200114111728,2020-01-16 02:40:00.0,영화관,20041013
13,영업중,0,서울특별시 금천구 독산동 291-5번지 ,롯데시네마 독산 제3관,20200114111700,2020-01-16 02:40:00.0,영화관,20041013
13,영업중,0,서울특별시 금천구 독산동 291-5번지 ,롯데시네마 독산 제2관,20200114111602,2020-01-16 02:40:00.0,영화관,20041013
13,영업중,0,서울특별시 영등포구 여의도동 23번지 ,CGV여의도 4관[COMFORT SEAT],20190424173821,2019-04-26 02:40:00.0,영화관,20120827
13,영업중,0,서울특별시 영등포구 여의도동 23번지 ,CGV여의도 6관,20190424173922,2019-04-26 02:40:00.0,영화관,20120827
13,영업중,0,서울특별시 영등포구 여의도동 23번지 ,CGV여의도 5관 [CGV아트하우스],20190424173852,2019-04-26 02:40:00.0,영화관,20120827
13,영업중,0,서울특별시 영등포구 영등포동4가 442번지 타임스퀘어 4층 ,CGV 영등포 제5관,20190423091345,2019-04-25 02:40:00.0,영화관,20090914
13,영업중,0,서울특별시 영등포구 영등포동4가 442번지 타임스퀘어 4층 ,CGV 영등포 제4관,20190423091333,2019-04-25 02:40:00.0,영화관,20090914
13,영업중,0,서울특별시 영등포구 영등포동4가 442번지 타임스퀘어 4층 ,CGV 영등포 제3관,20190423091322,2019-04-25 02:40:00.0,영화관,20090914
13,영업중,0,서울특별시 영등포구 여의도동 23번지 ,CGV여의도 2관,20190424173717,2019-04-26 02:40:00.0,영화관,20120827
13,영업중,0,서울특별시 영등포구 영등포동 618-496번지 외 12필지 ,롯데시네마 영등포 1관,20200116111028,2020-01-18 02:40:00.0,영화관,20050426
13,영업중,0,서울특별시 영등포구 영등포동 618-496번지 외 12필지 ,롯데시네마 영등포 7관,20200116111028,2020-01-18 02:40:00.0,영화관,20050426
13,영업중,0,서울특별시 영등포구 영등포동 618-496번지 외 12필지 ,롯데시네마 영등포 6관,20200116111028,2020-01-18 02:40:00.0,영화관,20050426
13,영업중,0,서울특별시 영등포구 영등포동4가 442번지 타임스퀘어 4층 ,CGV 영등포 제1관,20190423091229,2019-04-25 02:40:00.0,영화관,20090914
13,영업중,0,서울특별시 영등포구 여의도동 23번지 ,CGV여의도 9관,20190424174111,2019-04-26 02:40:00.0,영화관,20120827
13,영업중,0,서울특별시 영등포구 영등포동 618-496번지 외 12필지 ,롯데시네마 영등포 5관,20200116111028,2020-01-18 02:40:00.0,영화관,20050426
13,영업중,0,서울특별시 영등포구 영등포동 618-496번지 외 12필지 ,롯데시네마 영등포 4관,20200116111028,2020-01-18 02:40:00.0,영화관,20050426
13,영업중,0,서울특별시 영등포구 영등포동4가 442번지 타임스퀘어 4층 ,CGV 영등포 제9관,20190423091440,2019-04-25 02:40:00.0,영화관,20090914
13,영업중,0,서울특별시 영등포구 영등포동4가 442번지 타임스퀘어 4층 ,CGV 영등포 제11관(스타리움),20190423091501,2019-04-25 02:40:00.0,영화관,20090914
13,영업중,0,서울특별시 영등포구 영등포동4가 442번지 타임스퀘어 4층 ,CGV 영등포 제10관(골드클래스),20190423091450,2019-04-25 02:40:00.0,영화관,20090914
13,영업중,0,서울특별시 영등포구 영등포동4가 442번지 ,CGV 영등포 12관(SPHERE X),20190423091355,2019-04-25 02:40:00.0,영화관,20151223
13,영업중,0,서울특별시 영등포구 여의도동 23번지 IFC ,CGV여의도 7관(Premium관),20190424173951,2019-04-26 02:40:00.0,영화관,20120827
13,영업중,0,서울특별시 영등포구 여의도동 23번지 ,CGV여의도 1관,20190424172801,2019-04-26 02:40:00.0,영화관,20120827
13,영업중,0,서울특별시 영등포구 여의도동 23번지 ,CGV여의도 8관[COMFORT SEAT],20190424174024,2019-04-26 02:40:00.0,영화관,20120827
13,영업중,0,서울특별시 영등포구 영등포동4가 442번지 타임스퀘어 4층 ,CGV 영등포 제2관[4D],20190423091311,2019-04-25 02:40:00.0,영화관,20091217
13,영업중,0,서울특별시 영등포구 영등포동 618-496번지 외 12필지 ,롯데시네마 영등포 2관,20200116111028,2020-01-18 02:40:00.0,영화관,20050426
13,영업중,0,서울특별시 영등포구 영등포동4가 442번지 타임스퀘어 4층 ,CGV 영등포 제7관,20190423091416,2019-04-25 02:40:00.0,영화관,20090914
13,영업중,0,서울특별시 영등포구 영등포동4가 442번지 타임스퀘어 4층 ,CGV 영등포 제6관,20190423091406,2019-04-25 02:40:00.0,영화관,20090914
13,영업중,0,서울특별시 영등포구 영등포동4가 442번지 타임스퀘어 4층 ,CGV 영등포 제8관,20190423091428,2019-04-25 02:40:00.0,영화관,20090914
13,영업중,0,서울특별시 영등포구 영등포동 618-496번지 외 12필지 ,롯데시네마 영등포 3관,20200116111028,2020-01-18 02:40:00.0,영화관,20050426
13,영업중,0,서울특별시 영등포구 여의도동 23번지 ,CGV여의도 3관(VeatBox관),20190424173748,2019-04-26 02:40:00.0,영화관,20120827
13,영업중,0,서울특별시 동작구 사당동 147-53번지 골든씨네마 7층 ,메가박스(주) 이수지점,20180618093544,2018-08-31 23:59:59.0,영화관,20070515
13,영업중,0,서울특별시 동작구 사당동 147-53번지 골든씨네마 7층 ,메가박스(주) 이수지점,20180618093527,2018-08-31 23:59:59.0,영화관,20070515
13,영업중,0,서울특별시 동작구 사당동 147-53번지 골든씨네마 7층 ,메가박스(주) 이수지점,20180618093510,2018-08-31 23:59:59.0,영화관,20070515
13,영업중,0,서울특별시 동작구 사당동 147-53번지 골든씨네마 7층 ,메가박스(주) 이수지점,20180618093432,2018-08-31 23:59:59.0,영화관,20070515
13,영업중,0,서울특별시 동작구 사당동 147-53번지 골든씨네마 7층 ,메가박스(주) 이수지점,20180618093449,2018-08-31 23:59:59.0,영화관,20070515
13,영업중,0,서울특별시 동작구 사당동 147-53번지 골든씨네마 7층 ,메가박스(주) 이수지점,20191212104820,2019-12-14 02:40:00.0,영화관,20070514
13,영업중,0,서울특별시 구로구 개봉동 297-2번지 ,떼아뜨르 이동영화,20050804143838,2018-08-31 23:59:59.0,영화관,20040614
13,영업중,0,서울특별시 동작구 사당동 147-53번지 골든시네마타워 12층 ,아트나인 0관,20170504102109,2018-08-31 23:59:59.0,영화관,20130115
13,영업중,0,서울특별시 동작구 사당동 147-53번지 골든시네마타워 12층 ,아트나인 9관,20170504102215,2018-08-31 23:59:59.0,영화관,20130115
13,영업중,0,서울특별시 관악구 신림동 1641-2번지 14층 ,롯데시네마 신림 제4관,20200114135609,2020-01-16 02:40:00.0,영화관,20090225
13,영업중,0,서울특별시 관악구 신림동 1641-2번지 14층 ,롯데시네마 신림 제7관,20200114135609,2020-01-16 02:40:00.0,영화관,20090225
13,영업중,0,서울특별시 관악구 신림동 1641-2번지 14층 ,롯데시네마 신림 제3관,20200114135610,2020-01-16 02:40:00.0,영화관,20090225
13,영업중,0,서울특별시 관악구 봉천동 862-1번지 12층 ,롯데시네마 서울대입구제2관,20200114201052,2020-01-16 02:40:00.0,영화관,20060928
13,영업중,0,서울특별시 관악구 봉천동 862-1번지 12층 ,롯데시네마 서울대입구제3관,20200114201052,2020-01-16 02:40:00.0,영화관,20060928
13,영업중,0,서울특별시 관악구 봉천동 862-1번지 12층 ,롯데시네마 서울대입구제4관,20200114201052,2020-01-16 02:40:00.0,영화관,20060928
13,영업중,0,서울특별시 관악구 봉천동 862-1번지 12층 ,롯데시네마 서울대입구제5관,20200114201052,2020-01-16 02:40:00.0,영화관,20060928
13,영업중,0,서울특별시 관악구 신림동 1641-2번지 14층 ,롯데시네마 신림 제6관,20200114135609,2020-01-16 02:40:00.0,영화관,20090225
13,영업중,0,서울특별시 관악구 신림동 1641-2번지 14층 ,롯데시네마 신림 제2관,20200114135609,2020-01-16 02:40:00.0,영화관,20090225
13,영업중,0,서울특별시 관악구 신림동 1641-2번지 14층 ,롯데시네마 신림 제1관,20200114135609,2020-01-16 02:40:00.0,영화관,20090225
13,영업중,0,서울특별시 관악구 신림동 1641-2번지 14층 ,롯데시네마 신림 제8관,20200114135609,2020-01-16 02:40:00.0,영화관,20090225
13,영업중,0,서울특별시 관악구 신림동 1641-2번지 14층 ,롯데시네마 신림 제5관,20200114135609,2020-01-16 02:40:00.0,영화관,20090225
13,영업중,0,서울특별시 관악구 봉천동 862-1번지 12층 ,롯데시네마 서울대입구1관,20200114201052,2020-01-16 02:40:00.0,영화관,20060928
13,영업중,0,서울특별시 서초구 반포동 19-3번지 센트럴시티 지하1층 ,메가박스중앙(주) 센트럴 더부티크 103호,20200331154841,2020-04-02 02:40:00.0,영화관,20000728
13,영업중,0,서울특별시 서초구 반포동 19-3번지 센트럴시티 지하1층 ,메가박스중앙(주) 센트럴 더부티크 102호,20200331154822,2020-04-02 02:40:00.0,영화관,20000728
13,영업중,0,서울특별시 서초구 서초동 1317-20번지 ,메가박스중앙(주) 강남 1관,20191212175959,2019-12-14 02:40:00.0,영화관,20041222
13,영업중,0,서울특별시 서초구 서초동 1317-20번지 ,메가박스중앙(주) 강남 2관,20191212180012,2019-12-14 02:40:00.0,영화관,20041222
13,영업중,0,서울특별시 서초구 서초동 1317-20번지 ,메가박스중앙(주) 강남 3관,20191212180022,2019-12-14 02:40:00.0,영화관,20041222
13,영업중,0,서울특별시 서초구 서초동 1317-20번지 ,메가박스중앙(주) 강남 5관,20191212180046,2019-12-14 02:40:00.0,영화관,20041222
13,영업중,0,서울특별시 서초구 서초동 1317-20번지 ,메가박스중앙(주) 강남 4관,20191212180032,2019-12-14 02:40:00.0,영화관,20041222
13,영업중,0,서울특별시 서초구 서초동 1317-20번지 ,메가박스중앙(주) 강남 6관,20191212180057,2019-12-14 02:40:00.0,영화관,20041222
13,영업중,0,서울특별시 서초구 서초동 1317-20번지 ,메가박스중앙(주) 강남 7관,20191212180107,2019-12-14 02:40:00.0,영화관,20041222
13,영업중,0,서울특별시 서초구 반포동 19-3번지 센트럴시티 지하1층 ,메가박스중앙(주) 센트럴 더부티크 101호,20200407163643,2020-04-09 02:40:00.0,영화관,20000728
13,영업중,0,서울특별시 서초구 반포동 19-3번지 센트럴시티 ,메가박스중앙(주) 센트럴 더부티크 105호,20200331154907,2020-04-02 02:40:00.0,영화관,20000728
13,영업중,0,서울특별시 서초구 반포동 19-3번지 센트럴시티 지하1층 ,메가박스중앙(주) 센트럴 더부티크 104호,20200331154855,2020-04-02 02:40:00.0,영화관,20000728
13,영업중,0,서울특별시 강남구 신사동 651-21번지 ,CGV 청담씨네시티 3관(COMFORT SWEETBOX PREMIUM),20191220175044,2019-12-22 02:40:00.0,영화관,20020123
13,영업중,0,서울특별시 강남구 신사동 651-21번지 ,CGV 청담씨네시티 2관(HEADPHONE),20191220174911,2019-12-22 02:40:00.0,영화관,20020123
13,영업중,0,서울특별시 강남구 신사동 651-21번지 ,CGV 청담씨네시티 1관(HEADPHONE),20191220174812,2019-12-22 02:40:00.0,영화관,20020123
13,영업중,0,서울특별시 강남구 신사동 651-21번지 ,CGV 청담씨네시티 BMW CINEMA SWEETBOX PREMIUM관,20190507113625,2019-05-09 02:40:00.0,영화관,20020123
13,영업중,0,서울특별시 강남구 논현동 3-5번지 1층 ,롯데시네마 브로드웨이 5관,20130417185859,2018-08-31 23:59:59.0,영화관,20020702
13,영업중,0,서울특별시 강남구 논현동 3-5번지 1층 ,롯데시네마 브로드웨이 4관,20130417180832,2018-08-31 23:59:59.0,영화관,20020702
13,영업중,0,서울특별시 강남구 논현동 3-5번지 1층 ,롯데시네마 브로드웨이 3관,20170102190707,2018-08-31 23:59:59.0,영화관,20020702
13,영업중,0,서울특별시 강남구 논현동 3-5번지 4층 ,롯데시네마 브로드웨이 2관,20130409101447,2018-08-31 23:59:59.0,영화관,20020702
13,영업중,0,서울특별시 강남구 논현동 3-5번지 2층 ,롯데시네마 브로드웨이 1관,20130409100525,2018-08-31 23:59:59.0,영화관,20020702
13,영업중,0,서울특별시 강남구 역삼동 814-6번지 ,주공공이 시사실,20030208135458,2018-08-31 23:59:59.0,0.0,20020425
13,영업중,0,서울특별시 강남구 역삼동 814-6번지 ,주공공이 4관,20030208135458,2018-08-31 23:59:59.0,0.0,20020425
13,영업중,0,서울특별시 강남구 역삼동 814-6번지 ,주공공이 3관,20030208135458,2018-08-31 23:59:59.0,0.0,20020425
13,영업중,0,서울특별시 강남구 역삼동 814-6번지 ,주공공이 2관,20030208135458,2018-08-31 23:59:59.0,0.0,20020425
13,영업중,0,서울특별시 강남구 역삼동 814-6번지 ,주공공이 1관,20030208135458,2018-08-31 23:59:59.0,0.0,20020425
13,영업중,0,서울특별시 강남구 삼성동 159번지 ,코엑스 101호 스위트룸,20191219143852,2019-12-21 02:40:00.0,영화관,20000504
13,영업중,0,서울특별시 강남구 삼성동 159번지 ,코엑스 105호 컴포트룸,20191219144154,2019-12-21 02:40:00.0,영화관,20000504
13,영업중,0,서울특별시 강남구 삼성동 159번지 ,코엑스 104호 컴포트룸,20191219144243,2019-12-21 02:40:00.0,영화관,20000504
13,영업중,0,서울특별시 강남구 삼성동 159번지 ,코엑스 103호 스위트룸,20191219144337,2019-12-21 02:40:00.0,영화관,20000504
13,영업중,0,서울특별시 강남구 삼성동 159번지 ,코엑스 102호 스위트룸,20191219144416,2019-12-21 02:40:00.0,영화관,20000504
13,영업중,0,서울특별시 강남구 역삼동 814-6번지 스타플렉스 6층 ,CGV 강남제1관,20190421162722,2019-04-23 02:40:00.0,영화관,20070208
13,영업중,0,서울특별시 강남구 신사동 602번지 ,씨네 드 쉐프 B관,20190423234053,2019-04-25 02:40:00.0,영화관,20061226
13,영업중,0,서울특별시 강남구 신사동 602번지 ,CGV압구정 ART 3관,20190421215944,2019-04-23 02:40:00.0,영화관,20060704
13,영업중,0,서울특별시 강남구 삼성동 159번지 ,코엑스 컴포트 11관,20191219143929,2019-12-21 02:40:00.0,영화관,20000504
13,영업중,0,서울특별시 강남구 삼성동 159번지 ,코엑스 컴포트 10관,20191219143357,2019-12-21 02:40:00.0,영화관,20000504
13,영업중,0,서울특별시 강남구 삼성동 159번지 ,코엑스 컴포트 9관,20191219144007,2019-12-21 02:40:00.0,영화관,20000504
13,영업중,0,서울특별시 강남구 삼성동 159번지 ,코엑스 컴포트 8관,20191219144033,2019-12-21 02:40:00.0,영화관,20000504
13,영업중,0,서울특별시 강남구 삼성동 159번지 ,코엑스 컴포트 7관,20191219110747,2019-12-21 02:40:00.0,영화관,20000504
13,영업중,0,서울특별시 강남구 논현동 6-13번지 ,코엑스 컴포트 6관,20191219144129,2019-12-21 02:40:00.0,영화관,20000504
13,영업중,0,서울특별시 강남구 삼성동 159번지 ,코엑스 컴포트 5관,20191219144217,2019-12-21 02:40:00.0,영화관,20000504
13,영업중,0,서울특별시 강남구 삼성동 159번지 ,코엑스 4관,20191219144312,2019-12-21 02:40:00.0,영화관,20000504
13,영업중,0,서울특별시 강남구 삼성동 159번지 ,코엑스 컴포트 3관,20191219144442,2019-12-21 02:40:00.0,영화관,20000504
13,영업중,0,서울특별시 강남구 논현동 1-3번지 ,클래식시네마스페이스(주),20030208135458,2018-08-31 23:59:59.0,0.0,20001020
13,영업중,0,서울특별시 강남구 역삼동 816번지 ,메가박스 씨티(강남대로)2관,20160616142644,2018-08-31 23:59:59.0,영화관,19940905
13,영업중,0,서울특별시 강남구 역삼동 816번지 ,메가박스 씨티(강남대로)1관,20160616142125,2018-08-31 23:59:59.0,영화관,19940905
13,영업중,0,서울특별시 강남구 논현동 123-2번지 ,강남비디오소극장,20030208135458,2018-08-31 23:59:59.0,0.0,19980309
13,영업중,0,서울특별시 강남구 신사동 603-2번지 ,CGV압구정 제3관,20190421220101,2019-04-23 02:40:00.0,영화관,19971216
13,영업중,0,서울특별시 강남구 신사동 603-2번지 ,CGV압구정 제2관,20190421220120,2019-04-23 02:40:00.0,영화관,19971216
13,영업중,0,서울특별시 강남구 신사동 603-2번지 ,CGV압구정 제1관,20190421220139,2019-04-23 02:40:00.0,영화관,19971216
13,영업중,0,서울특별시 강남구 논현동 4-15번지 ,씨네마강남 대관,20030208135458,2018-08-31 23:59:59.0,0.0,19950215
13,영업중,0,서울특별시 강남구 논현동 6-3번지 ,코엑스 2관,20191219144406,2019-12-21 02:40:00.0,영화관,20000504
13,영업중,0,서울특별시 강남구 역삼동 816-7번지 ,메가박스 씨티(강남대로)4관,20160616142601,2018-08-31 23:59:59.0,영화관,19991222
13,영업중,0,서울특별시 강남구 역삼동 816-7번지 ,메가박스 씨티(강남대로)3관,20160616140746,2018-08-31 23:59:59.0,영화관,19991222
13,영업중,0,서울특별시 강남구 논현동 91-6번지 ,씨네하우스 3관,20030208135458,2018-08-31 23:59:59.0,0.0,19991011
13,영업중,0,서울특별시 강남구 논현동 91-6번지 ,씨네하우스 2관,20030208135458,2018-08-31 23:59:59.0,0.0,19991011
13,영업중,0,서울특별시 강남구 삼성동 159번지 코엑스 ,코엑스지점 더 부티크 프라이빗,20191219144512,2019-12-21 02:40:00.0,영화관,20180314
13,영업중,0,서울특별시 강남구 논현동 4-15번지 ,씨네마강남 2관,20030208135458,2018-08-31 23:59:59.0,0.0,19980309
13,영업중,0,서울특별시 강남구 논현동 4-15번지 ,씨네마강남 1관,20030208135458,2018-08-31 23:59:59.0,0.0,19980309
13,영업중,0,서울특별시 강남구 논현동 97-26번지 ,씨네예술관 2관,20030208135458,2018-08-31 23:59:59.0,0.0,19980309
13,영업중,0,서울특별시 강남구 논현동 97-26번지 ,씨네예술관 1관,20030208135458,2018-08-31 23:59:59.0,0.0,19980309
13,영업중,0,서울특별시 강남구 삼성동 159번지 ,코엑스 소상영관 A,20191219144058,2019-12-21 02:40:00.0,영화관,20151030
13,영업중,0,서울특별시 강남구 삼성동 159번지 ,코엑스 소상영관 B,20191219144558,2019-12-21 02:40:00.0,영화관,20151030
13,영업중,0,서울특별시 강남구 신사동 532-1번지 지하2층 ,이봄씨어터,20170105104328,2018-08-31 23:59:59.0,영화관,20140929
13,영업중,0,서울특별시 강남구 논현동 3번지 외2필지 ,롯데시네마 브로드웨이 6관,20130417190002,2018-08-31 23:59:59.0,영화관,20071102
13,영업중,0,서울특별시 강남구 신사동 602번지 ,씨네 드 쉐프 A관,20190423234105,2019-04-25 02:40:00.0,영화관,20070504
13,영업중,0,서울특별시 강남구 역삼동 814-6번지 스타플렉스 10층 ,CGV 강남제6관,20190421162840,2019-04-23 02:40:00.0,영화관,20070208
13,영업중,0,서울특별시 강남구 역삼동 814-6번지 스타플랙스 10층 ,CGV 강남제5관,20190421162902,2019-04-23 02:40:00.0,영화관,20070208
13,영업중,0,서울특별시 강남구 역삼동 814-6번지 스타플랙스 8층 ,CGV 강남제4관,20190421162851,2019-04-23 02:40:00.0,영화관,20070208
13,영업중,0,서울특별시 강남구 역삼동 814-6번지 스타플렉스 8층 ,CGV 강남제3관,20190421162826,2019-04-23 02:40:00.0,영화관,20070208
13,영업중,0,서울특별시 강남구 역삼동 814-6번지 스타플렉스 6층 ,CGV 강남제2관,20190421175134,2019-04-23 02:40:00.0,영화관,20070208
13,영업중,0,서울특별시 강남구 논현동 1-3번지 ,클래식시네마스페이스(주),20030208135458,2018-08-31 23:59:59.0,0.0,19990403
13,영업중,0,서울특별시 강남구 역삼동 814-6번지 ,주공공이4관,20030208135458,2018-08-31 23:59:59.0,0.0,20000727
13,영업중,0,서울특별시 강남구 역삼동 814-6번지 ,주공공이3관,20030208135458,2018-08-31 23:59:59.0,0.0,20000727
13,영업중,0,서울특별시 강남구 역삼동 814-6번지 ,주공공이2관,20030208135458,2018-08-31 23:59:59.0,0.0,20000727
13,영업중,0,서울특별시 강남구 역삼동 814-6번지 ,(주)강제규필름,20030208135458,2018-08-31 23:59:59.0,0.0,20000727
13,영업중,0,서울특별시 강남구 신사동 602번지 ,CGV압구정 ART 2관,20190421220039,2019-04-23 02:40:00.0,영화관,20060704
13,영업중,0,서울특별시 강남구 신사동 602번지 ,CGV압구정 ART 1관,20190421220020,2019-04-23 02:40:00.0,영화관,20060704
13,영업중,0,서울특별시 강남구 신사동 651-21번지 ,CGV 청담씨네시티 4DX,20190425114249,2019-04-27 02:40:00.0,영화관,20020123
13,영업중,0,서울특별시 강남구 논현동 91-6번지 ,씨네하우스 4관,20030208135458,2018-08-31 23:59:59.0,0.0,19991011
13,영업중,0,서울특별시 강남구 논현동 91-6번지 ,씨네하우스 1관,20030208135458,2018-08-31 23:59:59.0,0.0,19991011
13,영업중,0,서울특별시 강남구 신사동 651-21번지 ,씨네시티3관,20031230175403,2018-08-31 23:59:59.0,영화관,20031230
13,영업중,0,서울특별시 강남구 신사동 651-21번지 ,씨네시티12관,20031201095836,2018-08-31 23:59:59.0,영화관,20020123
13,영업중,0,서울특별시 강남구 신사동 651-21번지 ,씨네시티11관,20031201095606,2018-08-31 23:59:59.0,영화관,20020123
13,영업중,0,서울특별시 송파구 신천동 29번지 ,롯데시네마 월드타워(제11관),20200115153207,2020-01-17 02:40:00.0,영화관,20141014
13,영업중,0,서울특별시 송파구 신천동 29번지 ,롯데시네마 월드타워(제12관),20200115153235,2020-01-17 02:40:00.0,영화관,20141014
13,영업중,0,서울특별시 송파구 신천동 29번지 ,롯데시네마 월드타워(제13관),20200115154142,2020-01-17 02:40:00.0,영화관,20141014
13,영업중,0,서울특별시 송파구 신천동 29번지 ,롯데시네마 월드타워(제14관),20200115154205,2020-01-17 02:40:00.0,영화관,20141014
13,영업중,0,서울특별시 송파구 신천동 29번지 ,롯데시네마 월드타워(제15관),20200115154232,2020-01-17 02:40:00.0,영화관,20141014
13,영업중,0,서울특별시 송파구 신천동 29번지 ,롯데시네마 월드타워(제16관),20200115154255,2020-01-17 02:40:00.0,영화관,20141014
13,영업중,0,서울특별시 송파구 신천동 29번지 ,롯데시네마 월드타워(제17관),20200115154321,2020-01-17 02:40:00.0,영화관,20141014
13,영업중,0,서울특별시 송파구 신천동 29번지 ,롯데시네마 월드타워(제18관),20200115154343,2020-01-17 02:40:00.0,영화관,20141014
13,영업중,0,서울특별시 송파구 신천동 29번지 ,롯데시네마 월드타워(제19관),20200115154405,2020-01-17 02:40:00.0,영화관,20141014
13,영업중,0,서울특별시 송파구 신천동 29번지 ,롯데시네마 월드타워(제20관),20200115154424,2020-01-17 02:40:00.0,영화관,20141014
13,영업중,0,서울특별시 송파구 신천동 29번지 ,롯데시네마 월드타워(제9관),20200115153125,2020-01-17 02:40:00.0,영화관,20141014
13,영업중,0,서울특별시 송파구 신천동 29번지 ,롯데시네마 월드타워(제21관),20200115154444,2020-01-17 02:40:00.0,영화관,20141014
13,영업중,0,서울특별시 송파구 문정동 516번지 가든파이브라이프영관 10층 ,CGV 송파 2관,20190422151956,2019-04-24 02:40:00.0,영화관,20090428
13,영업중,0,서울특별시 송파구 문정동 516번지 가든파이브라이프영관 10층 ,CGV 송파 1관,20190422152022,2019-04-24 02:40:00.0,영화관,20090428
13,영업중,0,서울특별시 송파구 문정동 516번지 가든파이브라이프영관 10층 ,CGV 송파 3관,20190422151927,2019-04-24 02:40:00.0,영화관,20090428
13,영업중,0,서울특별시 송파구 문정동 516번지 가든파이브라이프영관10층 ,CGV송파4DX관,20190422105358,2019-04-24 02:40:00.0,영화관,20090428
13,영업중,0,서울특별시 송파구 문정동 516번지 가든파이브라이프영관 10층 ,CGV 송파 SPHERE X,20191218100205,2019-12-20 02:40:00.0,영화관,20090428
13,영업중,0,서울특별시 송파구 문정동 516번지 가든파이브라이프영관10층 ,CGV 송파 4관,20190422151852,2019-04-24 02:40:00.0,영화관,20090428
13,영업중,0,서울특별시 송파구 문정동 516번지 가든파이브라이프영관 10층 ,CGV 송파 6관,20190422151712,2019-04-24 02:40:00.0,영화관,20090428
13,영업중,0,서울특별시 강동구 천호동 42번지 ,CGV 천호 5관,20190422133839,2019-04-24 02:40:00.0,영화관,20150706
13,영업중,0,서울특별시 송파구 문정동 618번지 204동 비162호,메가박스 송파파크하비오점(1관),20190619090115,2019-06-21 02:40:00.0,영화관,20161221
13,영업중,0,서울특별시 송파구 문정동 618번지 204동 비162호,메가박스 송파파크하비오점(2관),20190619090045,2019-06-21 02:40:00.0,영화관,20161221
13,영업중,0,서울특별시 송파구 신천동 29번지 ,롯데시네마 월드타워(제3관),20200115152647,2020-01-17 02:40:00.0,영화관,20141014
13,영업중,0,서울특별시 송파구 신천동 29번지 ,롯데시네마 월드타워(제4관),20200115152733,2020-01-17 02:40:00.0,영화관,20141014
13,영업중,0,서울특별시 송파구 신천동 29번지 ,롯데시네마 월드타워(제5관),20200115152817,2020-01-17 02:40:00.0,영화관,20141014
13,영업중,0,서울특별시 송파구 신천동 29번지 ,롯데시네마 월드타워(제6관),20200115152840,2020-01-17 02:40:00.0,영화관,20141014
13,영업중,0,서울특별시 송파구 신천동 29번지 ,롯데시네마 월드타워(제1관),20200115091511,2020-01-17 02:40:00.0,영화관,20141014
13,영업중,0,서울특별시 송파구 신천동 29번지 ,롯데시네마 월드타워(제8관),20200115152931,2020-01-17 02:40:00.0,영화관,20141014
13,영업중,0,서울특별시 송파구 신천동 29번지 ,롯데시네마 월드타워(제10관),20200115153146,2020-01-17 02:40:00.0,영화관,20141014
13,영업중,0,서울특별시 송파구 문정동 618번지 204동 비162호,메가박스 송파파크하비오점(3관),20190619090018,2019-06-21 02:40:00.0,영화관,20161221
13,영업중,0,서울특별시 송파구 문정동 618번지 204동 비162호,메가박스 송파파크하비오점(4관),20190619085944,2019-06-21 02:40:00.0,영화관,20161221
13,영업중,0,서울특별시 송파구 문정동 618번지 204동 비162호,메가박스 송파파크하비오점(5관),20190619085917,2019-06-21 02:40:00.0,영화관,20161221
13,영업중,0,서울특별시 송파구 문정동 618번지 204동 비162호,메가박스 송파파크하비오점(6관),20190619085850,2019-06-21 02:40:00.0,영화관,20161221
13,영업중,0,서울특별시 송파구 문정동 618번지 204동 비162호,메가박스 송파파크하비오점(7관),20190619085346,2019-06-21 02:40:00.0,영화관,20161221
13,영업중,0,서울특별시 송파구 문정동 618번지 204동 비162호,메가박스 송파파크하비오점(8관),20190619085256,2019-06-21 02:40:00.0,영화관,20161221
13,영업중,0,서울특별시 송파구 문정동 618번지 204동 비162호,메가박스 송파파크하비오점(9관),20190619085125,2019-06-21 02:40:00.0,영화관,20161221
13,영업중,0,서울특별시 강동구 천호동 42번지 ,CGV 천호 4관,20190422133759,2019-04-24 02:40:00.0,영화관,20150706
13,영업중,0,서울특별시 송파구 문정동 634번지 가든파이브라이프 영관 10층 ,CGV 송파 8관,20190422105535,2019-04-24 02:40:00.0,영화관,20160126
13,영업중,0,서울특별시 송파구 신천동 29번지 ,롯데시네마 월드타워(제7관),20200115152906,2020-01-17 02:40:00.0,영화관,20141014
13,영업중,0,서울특별시 송파구 신천동 29번지 ,롯데시네마 월드타워(제2관),20200115152612,2020-01-17 02:40:00.0,영화관,20141014
13,영업중,0,서울특별시 송파구 잠실동 10번지 서울종합운동장 ,잠실자동차극장(2관),20180725210520,2018-08-31 23:59:59.0,자동차극장,19990911
13,영업중,0,서울특별시 강동구 성내동 549-1번지 ,메가박스 강동1,20180523092621,2018-08-31 23:59:59.0,영화관,19951115
13,영업중,0,서울특별시 강동구 천호동 42번지 ,CGV 천호 1관,20190422144500,2019-04-24 02:40:00.0,영화관,20150706
13,영업중,0,서울특별시 강동구 천호동 42번지 ,CGV 천호 6관,20190422112757,2019-04-24 02:40:00.0,영화관,20150706
13,영업중,0,서울특별시 강동구 천호동 42번지 ,CGV 천호 3관,20190422133738,2019-04-24 02:40:00.0,영화관,20150706
13,영업중,0,서울특별시 강동구 천호동 42번지 ,CGV 천호 2관,20190422133712,2019-04-24 02:40:00.0,영화관,20150706
13,영업중,0,서울특별시 강동구 성내동 549-1번지 ,메가박스 강동10,20180530172436,2018-08-31 23:59:59.0,영화관,20050613
13,영업중,0,서울특별시 강동구 성내동 549-1번지 ,메가박스 강동9,20180530172312,2018-08-31 23:59:59.0,영화관,20050613
13,영업중,0,서울특별시 강동구 성내동 549-1번지 ,메가박스 강동8,20180530172034,2018-08-31 23:59:59.0,영화관,20050613
13,영업중,0,서울특별시 강동구 성내동 549-1번지 ,메가박스 강동7,20180530171918,2018-08-31 23:59:59.0,영화관,20050613
13,영업중,0,서울특별시 강동구 성내동 44-1번지 ,롯데시네마 10관,20171122143859,2018-08-31 23:59:59.0,영화관,20040715
13,영업중,0,서울특별시 강동구 성내동 44-1번지 ,롯데시네마 9관,20080513145136,2018-08-31 23:59:59.0,영화관,20040715
13,영업중,0,서울특별시 강동구 성내동 44-1번지 ,롯데시네마 8관,20110113111513,2018-08-31 23:59:59.0,영화관,20040715
13,영업중,0,서울특별시 강동구 성내동 44-1번지 ,롯데시네마 7관,20110113111435,2018-08-31 23:59:59.0,영화관,20040715
13,영업중,0,서울특별시 강동구 성내동 44-1번지 ,롯데시네마 6관,20200402180400,2020-04-04 02:40:00.0,영화관,20040715
13,영업중,0,서울특별시 강동구 성내동 44-1번지 ,롯데시네마 5관,20200402175845,2020-04-04 02:40:00.0,영화관,20040715
13,영업중,0,서울특별시 강동구 성내동 44-1번지 ,롯데시네마 4관,20200402174012,2020-04-04 02:40:00.0,영화관,20040715
13,영업중,0,서울특별시 강동구 성내동 44-1번지 ,롯데시네마 3관,20171122143930,2018-08-31 23:59:59.0,영화관,20040715
13,영업중,0,서울특별시 강동구 성내동 44-1번지 ,롯데시네마 2관,20171122142840,2018-08-31 23:59:59.0,영화관,20040715
13,영업중,0,서울특별시 강동구 성내동 44-1번지 ,롯데시네마 1관,20171122141111,2018-08-31 23:59:59.0,영화관,20040715
13,영업중,0,서울특별시 강동구 성내동 549-1번지 ,메가박스 강동6,20180530171708,2018-08-31 23:59:59.0,영화관,19990604
13,영업중,0,서울특별시 강동구 성내동 549-1번지 ,메가박스 강동4,20180523092815,2018-08-31 23:59:59.0,영화관,19951115
13,영업중,0,서울특별시 강동구 성내동 549-1번지 ,메가박스 강동3,20180523093121,2018-08-31 23:59:59.0,영화관,19951115
13,영업중,0,서울특별시 강동구 성내동 549-1번지 ,메가박스 강동2,20180523093022,2018-08-31 23:59:59.0,영화관,19951115
13,영업중,0,서울특별시 마포구 성산동 515번지 월드컵쇼핑몰내 1층,메가박스중앙(주) 상암월드컵경기장지점 컴포트1관,20200623140804,2019-12-05 22:05:00.0,0.0,0
13,영업중,0,서울특별시 마포구 성산동 515번지 월드컵쇼핑몰내 1층,메가박스중앙(주) 상암월드컵경기장지점 MX관,20200623141135,2019-12-05 22:05:00.0,0.0,0
13,영업중,0,서울특별시 마포구 성산동 515번지 월드컵쇼핑몰내 1층,메가박스중앙(주) 상암월드컵경기장지점 3관,20200623141157,2019-12-05 22:05:00.0,0.0,0
13,영업중,0,서울특별시 마포구 성산동 515번지 월드컵쇼핑몰내 1층,메가박스중앙(주) 상암월드컵경기장지점 4관,20200623141215,2019-12-05 22:05:00.0,0.0,0
13,영업중,0,서울특별시 마포구 성산동 515번지 월드컵쇼핑몰내 1층,메가박스중앙(주) 상암월드컵경기장지점 9관,20200623141316,2019-12-05 22:05:00.0,0.0,0
13,영업중,0,서울특별시 마포구 성산동 515번지 월드컵쇼핑몰내 1층,메가박스중앙(주) 상암월드컵경기장지점 6관,20200623141240,2019-12-05 22:05:00.0,0.0,0
13,영업중,0,서울특별시 마포구 성산동 515번지 월드컵쇼핑몰내 1층,메가박스중앙(주) 상암월드컵경기장지점 7관,20200623141251,2019-12-05 22:05:00.0,0.0,0
13,영업중,0,서울특별시 마포구 성산동 515번지 월드컵쇼핑몰내 1층,메가박스중앙(주) 상암월드컵경기장지점 8관,20200623141304,2019-12-05 22:05:00.0,0.0,0
13,영업중,0,서울특별시 마포구 성산동 515번지 월드컵쇼핑몰내 1층,메가박스중앙(주) 상암월드컵경기장지점 5관,20200623141226,2019-12-05 22:05:00.0,0.0,0
13,영업중,0,서울특별시 강남구 삼성동 159,코엑스 Dolby Cinema,20200717101740,2019-12-06 23:09:00.0,0.0,0
13,영업중,0,서울특별시 마포구 서교동 490 메세나폴리스 2층,롯데시네마 합정 제4관,20200805104930,2019-12-08 00:07:00.0,0.0,0
13,영업중,0,서울특별시 마포구 서교동 367-5,시네마 상상마당,20200805112800,2019-12-08 00:07:00.0,0.0,0
13,영업중,0,서울특별시 구로구 구로동 102번지,구로문화원,20200820165810,2019-12-07 22:02:00.0,0.0,0
13,영업중,0,서울특별시 구로구 개봉동 339-9번지,샘물,20200820165701,2019-12-07 22:02:00.0,0.0,0
03,폐업,20180118,서울특별시 강서구 방화동 886번지 ,CGV김포공항9 (3관),20180118144704,2018-08-31 23:59:59.0,영화관,20030122
03,폐업,20150821,서울특별시 영등포구 여의도동 60-0번지 ,63아이맥스영화관,20150821155203,2018-08-31 23:59:59.0,영화관,19830730
33,지정취소,20150513,서울특별시 강남구 역삼동 814-6번지 ,동아극장 1관,20150513132011,2018-08-31 23:59:59.0,영화관,19830604
33,지정취소,20150513,서울특별시 강남구 역삼동 814-6번지 ,동아극장 3관,20150513132219,2018-08-31 23:59:59.0,영화관,19941223
03,폐업,20151201,서울특별시 종로구 소격동 144-2번지 (지하1층) ,씨네코드 선재,20151202165040,2018-08-31 23:59:59.0,영화관,20081111
35,직권말소,20171115,서울특별시 종로구 신문로2가 1-153번지 가든플레이스 2층 ,미로스페이스,20171115170733,2018-08-31 23:59:59.0,영화관,20120525
03,폐업,20170113,서울특별시 중구 태평로1가 61-21번지 1층 ,스폰지하우스,20170115170503,2018-08-31 23:59:59.0,영화관,20071218
03,폐업,20180824,서울특별시 중구 예장동 8-145번지 ,서울애니시네마,20180903140502,2018-09-03 23:59:59.0,영화관,20050823
03,폐업,20170525,서울특별시 용산구 한강로3가 40-999번지 ,씨지브이용산11제4관,20170526154717,2018-08-31 23:59:59.0,영화관,20041007
34,영업장폐쇄,20150201,서울특별시 광진구 군자동 476-10번지 ,쇼앤톡카페시네마,20170227133747,2018-08-31 23:59:59.0,영화관,20130924
03,폐업,20180705,서울특별시 성북구 안암동5가 1-2번지 고려대학교 미디어관 4층 ,KU시네마트랩,20181008093121,2018-10-10 02:36:12.0,영화관,20120210
03,폐업,20190429,서울특별시 성북구 동선동1가 1-2번지 ,CGV 성신여대입구 제5관,20190509105744,2019-05-11 02:40:00.0,영화관,20080911
03,폐업,20190429,서울특별시 성북구 동선동1가 1-2번지 12층 ,CGV 성신여대입구 제4관,20190509105710,2019-05-11 02:40:00.0,영화관,20080911
03,폐업,20190429,서울특별시 성북구 동선동1가 1-2번지 ,CGV성신여대입구 제1관,20190509105624,2019-05-11 02:40:00.0,영화관,20080911
03,폐업,20180716,서울특별시 마포구 성산동 515번지 월드컵쇼핑몰 1층 ,메가박스중앙(주) 상암월드컵경기장지점 10관,20180718084131,2018-08-31 23:59:59.0,영화관,20030519
03,폐업,20170331,서울특별시 마포구 상암동 1605번지 4층 ,롯데시네마 누리꿈 제2관,20170405161755,2018-08-31 23:59:59.0,영화관,20120910
03,폐업,20170331,서울특별시 마포구 상암동 1605번지 누리꿈스퀘어 디지털파빌리온 4층 ,롯데시네마 누리꿈관 제1관,20170405161727,2018-08-31 23:59:59.0,영화관,20100426
03,폐업,20180118,서울특별시 강서구 방화동 886번지 ,CGV김포공항9 (9관),20180118145522,2018-08-31 23:59:59.0,영화관,20030122
03,폐업,20180118,서울특별시 강서구 방화동 886번지 ,CGV김포공항9 (7관),20180118145338,2018-08-31 23:59:59.0,영화관,20030122
03,폐업,20180118,서울특별시 강서구 방화동 886번지 ,CGV김포공항9 (6관),20180118145249,2018-08-31 23:59:59.0,영화관,20030122
03,폐업,20180118,서울특별시 강서구 방화동 886번지 ,CGV김포공항9 (5관),20180118145201,2018-08-31 23:59:59.0,영화관,20030122
03,폐업,20180118,서울특별시 강서구 방화동 886번지 ,CGV김포공항9 (4관),20180118145042,2018-08-31 23:59:59.0,영화관,20030122
03,폐업,20180118,서울특별시 강서구 방화동 886번지 ,CGV김포공항9 (2관),20180118144546,2018-08-31 23:59:59.0,영화관,20030122
03,폐업,20180118,서울특별시 강서구 방화동 886번지 ,CGV 김포공항9 (1관),20180118144613,2018-08-31 23:59:59.0,영화관,20030122
03,폐업,20180118,서울특별시 강서구 방화동 886번지 ,CGV김포공항9 (8관),20180118145427,2018-08-31 23:59:59.0,영화관,20030122
03,폐업,20170426,서울특별시 강남구 역삼동 679-1번지 ,LG아트센터,20170426165458,2018-08-31 23:59:59.0,영화관,19991206
03,폐업,20150908,서울특별시 서초구 반포동 19-3번지 센트럴시티 지하1층 ,메가박스센트럴 5관,20150908163024,2018-08-31 23:59:59.0,영화관,20000728
03,폐업,20200916,서울특별시 중구 황학동 2545,롯데시네마 황학(제2관),20200917091457,2019-12-08 23:09:00.0,영화관,0
03,폐업,20200916,서울특별시 중구 황학동 2545,롯데시네마 황학(제1관),20200917091427,2019-12-08 23:09:00.0,영화관,0
